Year,Day,Hour,Min,Bz,Vsw,Nsw,Psw,AE,SYM-H
2003,324,0,0,1.61,447.5,5.4,2.16,90,2
2003,324,0,1,0.63,447.5,5.57,2.23,50,1
2003,324,0,2,1.83,449.6,4.8,1.94,49,1
2003,324,0,3,2.31,447.9,5.0,2.01,44,1
2003,324,0,4,2.79,447.8,5.02,2.01,40,1
2003,324,0,5,2.32,449.3,4.94,1.99,30,1
2003,324,0,6,2.15,448.6,4.83,1.94,26,1
2003,324,0,7,2.19,450.4,4.63,1.88,26,1
2003,324,0,8,2.29,450.4,4.63,1.88,26,0
2003,324,0,9,1.33,,,,31,0
2003,324,0,10,2.92,450.0,5.31,2.15,31,0
2003,324,0,11,-0.37,449.8,5.33,2.16,28,0
2003,324,0,12,-1.17,449.5,4.73,1.91,30,0
2003,324,0,13,-1.76,449.0,5.26,2.12,26,-1
2003,324,0,14,-1.81,447.4,6.93,2.77,23,-1
2003,324,0,15,-2.12,446.9,6.52,2.6,27,-1
2003,324,0,16,-1.96,446.9,6.52,2.6,28,-1
2003,324,0,17,-2.52,,,,33,-1
2003,324,0,18,-1.82,450.0,4.95,2.0,33,-1
2003,324,0,19,-2.23,446.3,4.9,1.95,30,-1
2003,324,0,20,-1.09,449.8,5.78,2.34,29,-1
2003,324,0,21,-1.29,446.2,4.75,1.89,31,-1
2003,324,0,22,-1.43,446.4,4.61,1.84,34,-1
2003,324,0,23,-1.69,446.2,4.93,1.96,32,-2
2003,324,0,24,-1.37,446.4,5.23,2.08,32,-2
2003,324,0,25,0.06,,,,35,-2
2003,324,0,26,0.89,449.1,4.64,1.87,33,-2
2003,324,0,27,0.0,448.9,4.87,1.96,37,-2
2003,324,0,28,0.27,445.3,4.58,1.82,32,-2
2003,324,0,29,0.58,445.3,4.72,1.87,28,-2
2003,324,0,30,0.61,444.1,4.64,1.83,36,-3
2003,324,0,31,1.17,443.7,4.57,1.8,43,-3
2003,324,0,32,1.44,446.9,4.32,1.73,43,-3
2003,324,0,33,1.22,444.6,4.62,1.83,42,-3
2003,324,0,34,0.38,440.7,4.77,1.85,40,-3
2003,324,0,35,0.02,441.6,5.0,1.95,33,-2
2003,324,0,36,1.06,438.9,4.94,1.9,34,-2
2003,324,0,37,1.42,436.9,5.07,1.94,31,-2
2003,324,0,38,1.24,442.6,4.63,1.81,32,-2
2003,324,0,39,1.19,441.7,4.74,1.85,29,-2
2003,324,0,40,-0.55,438.3,5.17,1.99,30,-2
2003,324,0,41,-0.52,,,,34,-2
2003,324,0,42,-1.57,446.2,5.94,2.37,39,-3
2003,324,0,43,-1.43,452.2,5.4,2.21,35,-3
2003,324,0,44,-1.43,452.6,5.17,2.12,30,-3
2003,324,0,45,-1.46,451.5,4.72,1.92,33,-3
2003,324,0,46,-0.81,450.0,4.51,1.83,34,-3
2003,324,0,47,-1.21,450.4,5.57,2.26,31,-3
2003,324,0,48,-0.96,447.6,4.35,1.74,31,-3
2003,324,0,49,0.11,446.6,4.43,1.77,35,-3
2003,324,0,50,1.59,445.2,3.75,1.49,33,-3
2003,324,0,51,0.72,443.6,4.4,1.73,37,-3
2003,324,0,52,,443.2,4.56,1.79,40,-3
2003,324,0,53,,,,,35,-3
2003,324,0,54,1.27,,,,33,-4
2003,324,0,55,,,,,31,-3
2003,324,0,56,2.0,448.4,4.23,1.7,32,-3
2003,324,0,57,,448.4,4.23,1.7,31,-3
2003,324,0,58,,,,,29,-4
2003,324,0,59,,,,,29,-3
2003,324,1,0,0.53,,,,30,-4
2003,324,1,1,-0.22,453.7,5.44,2.24,34,-4
2003,324,1,2,-1.73,453.7,5.44,2.24,36,-4
2003,324,1,3,-1.38,450.3,6.74,2.73,38,-4
2003,324,1,4,-2.07,450.3,6.74,2.73,39,-4
2003,324,1,5,1.12,,,,39,-4
2003,324,1,6,-1.45,,,,36,-4
2003,324,1,7,1.15,,,,35,-4
2003,324,1,8,,,,,34,-4
2003,324,1,9,1.44,442.7,4.42,1.73,34,-4
2003,324,1,10,1.76,444.6,4.56,1.8,35,-4
2003,324,1,11,2.46,,,,36,-4
2003,324,1,12,2.63,,,,34,-4
2003,324,1,13,2.5,447.0,3.87,1.55,31,-4
2003,324,1,14,2.58,447.0,3.87,1.55,32,-4
2003,324,1,15,2.26,,,,37,-4
2003,324,1,16,2.78,,,,35,-4
2003,324,1,17,2.16,448.9,4.56,1.84,34,-4
2003,324,1,18,0.83,444.2,4.53,1.79,41,-4
2003,324,1,19,1.7,444.8,4.46,1.76,58,-4
2003,324,1,20,0.21,,,,58,-4
2003,324,1,21,0.21,442.6,4.54,1.78,61,-5
2003,324,1,22,0.58,444.5,4.56,1.8,51,-4
2003,324,1,23,-0.09,445.9,4.25,1.69,57,-4
2003,324,1,24,0.3,446.7,4.19,1.67,60,-4
2003,324,1,25,-0.62,447.6,4.55,1.82,62,-3
2003,324,1,26,-0.93,447.1,4.4,1.76,49,-3
2003,324,1,27,-0.3,447.6,4.25,1.7,45,-3
2003,324,1,28,-0.85,449.1,4.21,1.7,46,-3
2003,324,1,29,-0.22,446.5,4.53,1.81,47,-3
2003,324,1,30,-0.37,443.4,4.75,1.87,44,-3
2003,324,1,31,-0.14,444.8,4.64,1.84,42,-2
2003,324,1,32,-0.66,445.1,4.51,1.79,42,-3
2003,324,1,33,-1.21,445.8,4.87,1.94,41,-2
2003,324,1,34,-0.59,447.6,5.3,2.12,52,-3
2003,324,1,35,-0.52,444.9,5.0,1.98,43,-3
2003,324,1,36,-0.52,,,,43,-3
2003,324,1,37,-0.16,446.0,4.56,1.81,48,-2
2003,324,1,38,1.76,447.5,4.72,1.89,65,-2
2003,324,1,39,2.44,439.3,4.62,1.78,55,-2
2003,324,1,40,,439.3,4.62,1.78,61,-3
2003,324,1,41,3.25,443.9,4.71,1.86,57,-3
2003,324,1,42,4.28,451.6,5.86,2.39,51,-3
2003,324,1,43,4.49,452.0,5.86,2.39,58,-3
2003,324,1,44,4.56,452.8,5.17,2.12,58,-3
2003,324,1,45,4.53,453.5,4.82,1.98,53,-3
2003,324,1,46,4.62,452.3,5.0,2.05,48,-3
2003,324,1,47,4.45,452.3,5.0,2.05,49,-3
2003,324,1,48,4.37,448.6,5.22,2.1,52,-3
2003,324,1,49,4.34,449.1,5.3,2.14,50,-3
2003,324,1,50,4.49,450.9,5.56,2.26,44,-3
2003,324,1,51,4.6,451.5,5.71,2.33,50,-3
2003,324,1,52,4.14,451.5,5.71,2.33,68,-3
2003,324,1,53,4.14,,,,36,-3
2003,324,1,54,4.23,,,,31,-3
2003,324,1,55,3.39,452.2,5.58,2.28,28,-3
2003,324,1,56,4.23,452.2,5.58,2.28,27,-3
2003,324,1,57,3.31,446.4,6.01,2.4,27,-3
2003,324,1,58,3.29,446.4,6.01,2.4,27,-3
2003,324,1,59,3.31,,,,27,-3
2003,324,2,0,3.71,446.8,6.06,2.42,28,-3
2003,324,2,1,1.36,446.2,5.72,2.28,30,-3
2003,324,2,2,1.11,443.7,4.25,1.67,33,-3
2003,324,2,3,2.56,,,,24,-3
2003,324,2,4,0.99,442.0,4.57,1.79,24,-3
2003,324,2,5,1.19,441.9,4.57,1.78,25,-3
2003,324,2,6,0.98,440.6,4.5,1.75,30,-3
2003,324,2,7,1.03,441.3,4.33,1.69,28,-3
2003,324,2,8,1.15,,,,28,-3
2003,324,2,9,1.27,441.0,4.1,1.59,29,-4
2003,324,2,10,1.51,441.0,4.1,1.59,24,-4
2003,324,2,11,1.56,,,,26,-3
2003,324,2,12,1.81,440.4,4.73,1.83,22,-3
2003,324,2,13,1.72,440.7,4.79,1.86,22,-4
2003,324,2,14,1.87,440.7,4.85,1.88,21,-4
2003,324,2,15,1.87,440.7,4.85,1.88,26,-4
2003,324,2,16,1.46,440.7,4.85,1.88,28,-4
2003,324,2,17,1.54,,,,25,-4
2003,324,2,18,1.57,,,,39,-4
2003,324,2,19,1.87,439.3,5.13,1.98,43,-4
2003,324,2,20,2.23,439.3,5.13,1.98,23,-4
2003,324,2,21,1.91,439.4,4.99,1.93,24,-4
2003,324,2,22,2.22,439.4,4.99,1.93,24,-3
2003,324,2,23,1.77,,,,28,-3
2003,324,2,24,1.34,439.9,4.91,1.9,39,-2
2003,324,2,25,1.49,439.9,4.91,1.9,32,-2
2003,324,2,26,-0.03,444.1,4.16,1.64,39,-2
2003,324,2,27,0.79,441.9,4.65,1.82,52,-2
2003,324,2,28,-0.76,438.6,4.88,1.88,57,-2
2003,324,2,29,-1.25,440.4,4.73,1.83,49,-2
2003,324,2,30,-1.23,442.2,5.1,1.99,55,-2
2003,324,2,31,,,,,55,-2
2003,324,2,32,0.22,441.4,4.92,1.92,44,-2
2003,324,2,33,0.32,440.2,4.63,1.79,54,-2
2003,324,2,34,0.27,438.9,4.67,1.8,70,-2
2003,324,2,35,0.03,438.7,4.63,1.78,74,-2
2003,324,2,36,0.3,440.0,4.97,1.92,72,-3
2003,324,2,37,-0.26,441.5,5.4,2.11,66,-3
2003,324,2,38,-0.14,439.3,4.61,1.78,45,-3
2003,324,2,39,-0.07,437.3,4.95,1.89,44,-2
2003,324,2,40,-1.81,438.4,5.09,1.96,47,-2
2003,324,2,41,-3.72,452.8,6.76,2.77,40,-2
2003,324,2,42,-3.71,449.2,5.92,2.39,38,-2
2003,324,2,43,-3.03,,,,37,-2
2003,324,2,44,-2.71,440.3,4.88,1.89,46,-2
2003,324,2,45,-2.41,440.7,4.92,1.91,43,-2
2003,324,2,46,-2.55,441.4,4.98,1.94,42,-3
2003,324,2,47,-2.26,437.8,4.9,1.88,43,-3
2003,324,2,48,-1.72,439.9,5.24,2.03,43,-3
2003,324,2,49,-1.64,438.4,5.08,1.95,41,-3
2003,324,2,50,-1.64,435.4,4.95,1.88,45,-4
2003,324,2,51,-2.07,439.8,5.08,1.97,50,-4
2003,324,2,52,-2.75,438.8,4.66,1.79,48,-4
2003,324,2,53,-3.22,438.3,4.48,1.72,58,-5
2003,324,2,54,-3.01,439.0,4.96,1.91,49,-4
2003,324,2,55,-3.39,439.7,6.22,2.41,47,-5
2003,324,2,56,-3.7,439.7,6.22,2.41,55,-4
2003,324,2,57,-3.77,,,,57,-4
2003,324,2,58,-3.61,446.1,7.29,2.9,69,-4
2003,324,2,59,-3.52,441.7,5.45,2.13,75,-4
2003,324,3,0,-2.7,439.4,5.53,2.14,66,-3
2003,324,3,1,-1.33,,,,54,-3
2003,324,3,2,-2.42,443.3,5.68,2.23,58,-3
2003,324,3,3,-1.87,446.3,5.78,2.3,64,-2
2003,324,3,4,-1.79,449.9,5.83,2.36,81,-2
2003,324,3,5,-1.9,448.0,5.48,2.2,101,-2
2003,324,3,6,-1.69,464.9,5.33,2.3,98,-2
2003,324,3,7,-1.26,464.7,5.27,2.28,93,-2
2003,324,3,8,-1.22,472.1,5.12,2.28,84,-3
2003,324,3,9,0.02,486.1,5.28,2.5,98,-4
2003,324,3,10,-1.07,453.5,5.11,2.1,110,-4
2003,324,3,11,-1.54,439.4,5.0,1.93,104,-5
2003,324,3,12,-1.07,460.2,5.02,2.13,101,-5
2003,324,3,13,-1.03,438.7,5.47,2.11,92,-5
2003,324,3,14,-1.39,438.7,5.1,1.96,87,-5
2003,324,3,15,-1.72,447.2,5.12,2.05,96,-5
2003,324,3,16,-1.33,440.2,5.14,1.99,106,-6
2003,324,3,17,-2.1,441.6,5.47,2.13,116,-6
2003,324,3,18,-2.19,450.8,5.88,2.39,121,-5
2003,324,3,19,-2.97,477.7,5.57,2.54,161,-5
2003,324,3,20,-2.33,480.6,5.79,2.67,205,-5
2003,324,3,21,-2.2,468.8,6.02,2.65,207,-5
2003,324,3,22,-1.02,450.0,5.94,2.41,203,-5
2003,324,3,23,-0.02,446.0,6.71,2.67,244,-5
2003,324,3,24,-3.3,446.7,5.73,2.29,297,-5
2003,324,3,25,-4.34,463.9,7.09,3.05,296,-5
2003,324,3,26,-4.2,456.0,6.87,2.86,320,-6
2003,324,3,27,-3.88,469.3,6.29,2.77,313,-6
2003,324,3,28,-4.18,467.6,7.09,3.1,304,-6
2003,324,3,29,-3.91,468.2,6.48,2.84,312,-5
2003,324,3,30,-3.68,467.2,6.75,2.95,328,-5
2003,324,3,31,-3.7,467.2,6.75,2.95,342,-5
2003,324,3,32,-4.47,454.2,6.96,2.87,362,-4
2003,324,3,33,-4.29,453.1,6.64,2.73,384,-5
2003,324,3,34,-5.09,452.9,7.54,3.09,391,-5
2003,324,3,35,-4.71,460.0,6.71,2.84,402,-5
2003,324,3,36,-4.58,460.2,6.67,2.83,403,-5
2003,324,3,37,-2.77,466.1,7.53,3.27,422,-6
2003,324,3,38,-3.34,465.8,7.32,3.18,426,-6
2003,324,3,39,-3.12,471.2,6.84,3.04,431,-6
2003,324,3,40,-3.6,469.7,6.71,2.96,432,-6
2003,324,3,41,-2.99,469.2,6.66,2.93,429,-7
2003,324,3,42,-2.82,,,,442,-7
2003,324,3,43,-3.35,457.7,7.27,3.05,441,-7
2003,324,3,44,-3.74,456.8,7.47,3.12,444,-7
2003,324,3,45,-3.19,454.9,7.89,3.27,451,-8
2003,324,3,46,-3.64,454.2,7.79,3.21,444,-8
2003,324,3,47,-3.71,454.2,7.79,3.21,443,-8
2003,324,3,48,-3.54,459.3,7.28,3.07,440,-8
2003,324,3,49,-4.16,455.6,8.17,3.39,426,-9
2003,324,3,50,-3.62,453.8,8.61,3.55,424,-9
2003,324,3,51,-1.71,,,,401,-9
2003,324,3,52,-0.72,,,,402,-9
2003,324,3,53,0.13,462.0,6.18,2.64,431,-10
2003,324,3,54,0.41,462.0,6.18,2.64,434,-10
2003,324,3,55,0.31,468.2,5.73,2.51,381,-10
2003,324,3,56,0.33,468.2,5.73,2.51,390,-10
2003,324,3,57,-0.08,459.9,5.38,2.28,383,-11
2003,324,3,58,-0.99,459.9,5.38,2.28,429,-11
2003,324,3,59,-1.43,,,,414,-11
2003,324,4,0,-1.44,,,,429,-11
2003,324,4,1,-0.32,,,,435,-12
2003,324,4,2,-0.13,454.8,6.35,2.63,431,-12
2003,324,4,3,-0.53,454.8,6.34,2.62,452,-12
2003,324,4,4,-1.01,453.8,5.99,2.47,470,-12
2003,324,4,5,-1.43,448.3,5.63,2.26,450,-13
2003,324,4,6,-1.46,447.6,5.71,2.29,454,-13
2003,324,4,7,-1.84,447.2,5.84,2.34,445,-13
2003,324,4,8,-3.24,443.3,6.45,2.54,437,-12
2003,324,4,9,-4.03,445.9,7.07,2.81,434,-13
2003,324,4,10,-4.06,448.9,8.14,3.28,426,-13
2003,324,4,11,-4.05,449.4,7.92,3.2,424,-13
2003,324,4,12,-4.64,449.2,7.61,3.07,440,-13
2003,324,4,13,-1.06,449.8,8.08,3.27,453,-14
2003,324,4,14,-2.22,462.0,6.11,2.61,459,-14
2003,324,4,15,-2.2,465.2,5.91,2.56,471,-14
2003,324,4,16,-1.43,462.6,6.85,2.93,468,-14
2003,324,4,17,-1.45,460.4,6.43,2.73,457,-14
2003,324,4,18,-2.35,462.6,6.71,2.87,462,-14
2003,324,4,19,-3.76,464.2,6.89,2.97,510,-14
2003,324,4,20,-3.25,460.4,6.32,2.68,489,-14
2003,324,4,21,-3.28,456.6,7.31,3.05,449,-14
2003,324,4,22,-3.15,460.3,6.27,2.66,458,-14
2003,324,4,23,-3.56,459.4,9.11,3.85,469,-14
2003,324,4,24,-3.23,459.5,9.08,3.83,462,-14
2003,324,4,25,-5.49,466.2,6.92,3.01,431,-15
2003,324,4,26,-6.52,466.1,7.24,3.15,464,-15
2003,324,4,27,-6.93,467.8,7.18,3.14,464,-15
2003,324,4,28,-7.3,467.9,6.85,3.0,452,-15
2003,324,4,29,-6.95,,,,430,-15
2003,324,4,30,-6.98,465.1,7.57,3.28,422,-15
2003,324,4,31,-5.9,465.1,6.83,2.95,400,-15
2003,324,4,32,-6.21,480.4,5.61,2.59,385,-15
2003,324,4,33,-6.46,,,,364,-15
2003,324,4,34,-6.6,473.6,6.8,3.05,368,-15
2003,324,4,35,-6.41,473.8,6.83,3.07,345,-16
2003,324,4,36,-6.6,476.4,7.14,3.24,366,-16
2003,324,4,37,-6.53,475.5,6.51,2.94,356,-16
2003,324,4,38,-6.2,475.5,6.49,2.93,374,-16
2003,324,4,39,-5.8,473.1,5.86,2.62,395,-16
2003,324,4,40,-5.42,469.8,6.31,2.79,411,-17
2003,324,4,41,-5.81,462.8,6.58,2.82,436,-17
2003,324,4,42,-5.71,462.0,6.72,2.87,414,-18
2003,324,4,43,-4.15,460.3,6.77,2.87,415,-18
2003,324,4,44,-4.47,469.6,6.24,2.75,395,-18
2003,324,4,45,-5.01,471.6,6.75,3.0,398,-19
2003,324,4,46,-5.34,471.9,6.09,2.71,382,-20
2003,324,4,47,-5.57,475.0,5.87,2.65,385,-20
2003,324,4,48,-4.79,479.1,4.91,2.25,380,-20
2003,324,4,49,-1.91,474.6,5.09,2.29,389,-20
2003,324,4,50,-2.47,474.5,5.1,2.3,386,-20
2003,324,4,51,-3.1,471.3,5.68,2.52,398,-20
2003,324,4,52,-3.56,469.6,6.86,3.03,392,-20
2003,324,4,53,-3.22,468.2,6.88,3.02,378,-20
2003,324,4,54,,,,,371,-20
2003,324,4,55,-3.68,463.0,6.6,2.83,349,-21
2003,324,4,56,-3.42,463.0,6.6,2.83,366,-21
2003,324,4,57,,,,,366,-22
2003,324,4,58,-3.18,,,,370,-22
2003,324,4,59,-3.29,,,,377,-23
2003,324,5,0,-3.29,,,,349,-24
2003,324,5,1,-1.97,476.1,7.3,3.31,327,-24
2003,324,5,2,-2.59,475.7,7.47,3.38,321,-25
2003,324,5,3,-1.84,479.9,5.88,2.71,329,-26
2003,324,5,4,-4.08,482.0,5.1,2.37,346,-26
2003,324,5,5,-4.34,451.9,6.75,2.76,352,-27
2003,324,5,6,-4.65,455.0,7.09,2.94,354,-27
2003,324,5,7,-5.02,451.0,7.01,2.85,362,-27
2003,324,5,8,-4.91,446.3,7.15,2.85,353,-26
2003,324,5,9,-4.91,448.7,7.21,2.9,368,-26
2003,324,5,10,-5.09,449.9,7.08,2.87,393,-27
2003,324,5,11,-5.08,449.9,7.08,2.87,384,-26
2003,324,5,12,-5.2,451.5,7.04,2.87,379,-26
2003,324,5,13,-5.11,451.3,7.05,2.87,378,-26
2003,324,5,14,-5.11,453.4,7.19,2.96,360,-26
2003,324,5,15,-4.51,455.9,6.62,2.75,375,-26
2003,324,5,16,-5.42,446.7,5.71,2.28,382,-27
2003,324,5,17,-6.12,441.0,5.89,2.29,385,-27
2003,324,5,18,-4.24,440.3,6.1,2.37,405,-27
2003,324,5,19,-3.02,461.3,7.29,3.1,401,-27
2003,324,5,20,-2.26,461.5,7.29,3.11,392,-26
2003,324,5,21,-2.1,464.7,7.23,3.12,388,-26
2003,324,5,22,-2.51,466.3,7.14,3.1,393,-26
2003,324,5,23,-3.3,460.5,7.0,2.97,406,-26
2003,324,5,24,-4.08,457.2,6.92,2.89,390,-26
2003,324,5,25,-3.51,456.8,6.88,2.87,399,-26
2003,324,5,26,-4.42,458.3,6.96,2.92,421,-26
2003,324,5,27,-4.04,456.0,6.91,2.87,438,-26
2003,324,5,28,-4.3,453.1,7.02,2.88,451,-26
2003,324,5,29,-2.52,452.9,7.05,2.89,464,-27
2003,324,5,30,-3.54,455.8,6.81,2.83,493,-28
2003,324,5,31,-3.52,461.6,6.82,2.91,515,-27
2003,324,5,32,-3.94,458.6,6.98,2.94,537,-28
2003,324,5,33,-4.44,458.2,6.9,2.9,571,-28
2003,324,5,34,-5.04,455.3,6.55,2.72,560,-29
2003,324,5,35,-5.4,454.4,6.81,2.81,577,-29
2003,324,5,36,-5.59,448.8,7.61,3.07,598,-29
2003,324,5,37,-6.5,448.7,7.63,3.07,608,-29
2003,324,5,38,-6.8,,,,619,-29
2003,324,5,39,-6.63,444.9,6.6,2.61,611,-29
2003,324,5,40,-6.53,443.5,6.6,2.6,623,-30
2003,324,5,41,-6.43,440.9,7.55,2.94,649,-30
2003,324,5,42,-6.15,446.4,7.32,2.92,650,-30
2003,324,5,43,-3.44,456.5,6.88,2.87,636,-30
2003,324,5,44,-4.09,458.0,6.94,2.91,642,-31
2003,324,5,45,-4.78,452.8,7.79,3.19,639,-31
2003,324,5,46,-4.32,452.4,7.04,2.88,603,-31
2003,324,5,47,-3.17,456.5,6.54,2.73,579,-31
2003,324,5,48,-3.83,457.3,6.5,2.72,587,-31
2003,324,5,49,-3.53,455.6,6.68,2.77,592,-31
2003,324,5,50,-3.54,454.5,6.69,2.76,588,-32
2003,324,5,51,-3.24,454.5,6.69,2.76,613,-32
2003,324,5,52,-2.97,457.0,7.12,2.97,615,-32
2003,324,5,53,-3.4,458.8,6.87,2.89,617,-32
2003,324,5,54,-3.17,453.7,6.83,2.81,618,-32
2003,324,5,55,-4.04,451.4,6.11,2.49,629,-32
2003,324,5,56,-4.38,446.2,7.23,2.88,620,-32
2003,324,5,57,-4.42,443.6,7.56,2.98,621,-32
2003,324,5,58,-5.01,443.3,7.43,2.92,621,-32
2003,324,5,59,-5.28,446.3,7.01,2.79,622,-32
2003,324,6,0,-5.09,446.0,6.67,2.65,621,-32
2003,324,6,1,-4.94,443.0,6.86,2.69,630,-32
2003,324,6,2,-4.57,443.0,6.83,2.68,622,-32
2003,324,6,3,-4.55,443.6,6.72,2.64,605,-33
2003,324,6,4,-4.9,443.4,6.89,2.71,612,-32
2003,324,6,5,-4.86,449.8,6.93,2.8,601,-33
2003,324,6,6,-4.81,449.8,6.93,2.8,589,-33
2003,324,6,7,-4.91,444.3,6.97,2.75,601,-33
2003,324,6,8,-4.49,437.5,6.81,2.61,604,-34
2003,324,6,9,-4.83,437.0,6.8,2.6,572,-34
2003,324,6,10,-4.66,436.7,6.98,2.66,551,-34
2003,324,6,11,-4.48,436.7,6.98,2.66,543,-34
2003,324,6,12,-4.35,436.4,6.86,2.61,529,-34
2003,324,6,13,-4.39,436.4,6.86,2.61,510,-34
2003,324,6,14,-4.36,435.5,6.91,2.62,513,-34
2003,324,6,15,-4.57,437.5,6.69,2.56,506,-34
2003,324,6,16,-4.42,437.7,6.69,2.56,506,-34
2003,324,6,17,-4.78,435.8,6.68,2.54,509,-34
2003,324,6,18,-4.74,436.3,6.39,2.43,516,-34
2003,324,6,19,-5.07,438.6,6.97,2.68,511,-34
2003,324,6,20,-5.54,439.6,7.31,2.83,507,-34
2003,324,6,21,-5.55,440.2,6.9,2.67,513,-35
2003,324,6,22,-5.74,443.0,7.27,2.85,525,-35
2003,324,6,23,-5.32,443.5,6.37,2.51,533,-35
2003,324,6,24,-5.53,441.9,6.14,2.4,531,-36
2003,324,6,25,-5.71,441.3,6.72,2.62,525,-36
2003,324,6,26,-5.54,441.3,6.71,2.61,540,-36
2003,324,6,27,-5.74,440.6,6.14,2.38,561,-36
2003,324,6,28,-5.75,449.4,7.1,2.87,563,-36
2003,324,6,29,-6.17,450.1,7.1,2.88,556,-36
2003,324,6,30,-5.82,449.9,6.88,2.79,567,-35
2003,324,6,31,-6.38,454.3,7.4,3.05,569,-35
2003,324,6,32,-6.5,447.4,7.32,2.93,574,-35
2003,324,6,33,-6.27,449.5,7.47,3.02,581,-34
2003,324,6,34,-5.65,448.9,6.94,2.8,595,-34
2003,324,6,35,-5.78,455.5,7.32,3.04,581,-34
2003,324,6,36,-4.96,445.3,7.42,2.94,575,-34
2003,324,6,37,-4.7,436.0,7.32,2.78,578,-34
2003,324,6,38,-5.92,442.5,7.62,2.98,583,-34
2003,324,6,39,-5.55,440.5,6.9,2.68,585,-34
2003,324,6,40,-6.17,441.9,6.63,2.59,575,-34
2003,324,6,41,-6.58,443.8,6.94,2.73,553,-33
2003,324,6,42,-6.69,,,,540,-33
2003,324,6,43,-6.85,467.8,7.48,3.27,531,-32
2003,324,6,44,-7.04,466.6,7.17,3.12,506,-32
2003,324,6,45,-6.41,463.5,6.94,2.98,466,-31
2003,324,6,46,-6.45,463.5,6.94,2.98,437,-31
2003,324,6,47,-7.17,455.6,7.25,3.01,436,-30
2003,324,6,48,-7.45,456.2,7.22,3.01,431,-29
2003,324,6,49,-7.36,457.0,7.18,3.0,429,-29
2003,324,6,50,-6.7,464.6,7.98,3.45,467,-29
2003,324,6,51,-6.04,464.6,8.03,3.47,459,-29
2003,324,6,52,-5.64,470.6,6.98,3.09,462,-29
2003,324,6,53,-5.72,470.4,7.27,3.22,486,-28
2003,324,6,54,-6.42,470.2,7.25,3.21,558,-28
2003,324,6,55,-6.07,470.4,7.01,3.1,561,-28
2003,324,6,56,-6.09,470.0,6.83,3.02,595,-29
2003,324,6,57,-5.96,471.7,6.64,2.95,596,-29
2003,324,6,58,-6.0,475.4,7.06,3.19,587,-29
2003,324,6,59,-6.14,473.8,7.18,3.22,577,-29
2003,324,7,0,-5.82,470.9,7.62,3.38,549,-29
2003,324,7,1,-5.3,470.9,7.62,3.38,518,-29
2003,324,7,2,-4.85,467.2,6.77,2.96,530,-30
2003,324,7,3,-6.76,464.8,7.22,3.12,581,-30
2003,324,7,4,-7.35,464.5,7.32,3.16,595,-30
2003,324,7,5,-5.35,460.6,7.47,3.17,593,-31
2003,324,7,6,-4.92,461.2,7.82,3.33,624,-31
2003,324,7,7,-5.41,464.9,9.2,3.98,630,-31
2003,324,7,8,-5.66,465.1,7.98,3.45,613,-31
2003,324,7,9,-5.03,464.6,7.78,3.36,597,-30
2003,324,7,10,-4.82,462.3,7.98,3.41,564,-30
2003,324,7,11,-5.7,463.9,7.86,3.38,502,-30
2003,324,7,12,-4.55,468.8,8.41,3.7,510,-30
2003,324,7,13,-5.13,464.4,8.32,3.59,536,-30
2003,324,7,14,-5.92,468.2,7.5,3.29,552,-30
2003,324,7,15,-5.05,463.3,8.92,3.83,566,-30
2003,324,7,16,-5.83,462.3,8.51,3.64,563,-31
2003,324,7,17,-5.71,462.3,8.5,3.63,572,-31
2003,324,7,18,-5.66,,,,567,-31
2003,324,7,19,-5.99,458.3,10.23,4.3,558,-31
2003,324,7,20,-5.35,458.3,10.23,4.3,555,-31
2003,324,7,21,-1.63,454.2,6.78,2.8,555,-31
2003,324,7,22,-3.7,457.4,7.74,3.24,560,-31
2003,324,7,23,-4.1,457.2,7.58,3.17,556,-32
2003,324,7,24,-4.15,452.3,9.24,3.78,565,-32
2003,324,7,25,-4.21,452.9,9.11,3.74,588,-33
2003,324,7,26,-4.99,452.7,9.2,3.77,598,-33
2003,324,7,27,-5.19,455.1,9.22,3.82,629,-34
2003,324,7,28,-5.28,453.6,8.81,3.63,666,-34
2003,324,7,29,-5.66,454.7,9.1,3.76,678,-33
2003,324,7,30,-5.53,455.4,9.26,3.84,684,-33
2003,324,7,31,-4.78,447.1,9.01,3.6,698,-33
2003,324,7,32,-4.51,447.1,8.98,3.59,699,-33
2003,324,7,33,-5.18,447.3,8.83,3.53,677,-33
2003,324,7,34,-5.38,447.8,8.85,3.55,668,-33
2003,324,7,35,-6.06,449.3,8.42,3.4,578,-33
2003,324,7,36,-6.31,453.8,8.7,3.58,587,-33
2003,324,7,37,-6.66,459.6,8.09,3.42,600,-34
2003,324,7,38,-4.66,,,,632,-35
2003,324,7,39,-4.6,,,,635,-35
2003,324,7,40,-5.14,448.2,8.78,3.53,628,-35
2003,324,7,41,-5.27,458.4,8.62,3.62,628,-36
2003,324,7,42,-5.71,452.4,8.71,3.57,626,-36
2003,324,7,43,-6.11,443.4,8.9,3.5,641,-35
2003,324,7,44,-4.2,466.6,8.34,3.63,653,-35
2003,324,7,45,-3.82,455.2,8.89,3.68,702,-34
2003,324,7,46,-3.7,465.8,8.48,3.68,723,-34
2003,324,7,47,-2.95,,,,729,-34
2003,324,7,48,-4.1,450.5,8.0,3.25,730,-34
2003,324,7,49,-3.99,453.8,7.62,3.14,743,-35
2003,324,7,50,-5.13,453.6,8.88,3.65,769,-35
2003,324,7,51,-6.17,453.4,9.05,3.72,787,-35
2003,324,7,52,-6.48,453.2,9.11,3.74,786,-36
2003,324,7,53,-6.54,451.9,8.46,3.46,782,-36
2003,324,7,54,-6.78,,,,770,-36
2003,324,7,55,-7.41,,,,756,-37
2003,324,7,56,-7.77,452.0,8.77,3.58,734,-37
2003,324,7,57,-7.67,453.4,8.69,3.57,716,-37
2003,324,7,58,-7.72,456.0,8.69,3.61,661,-38
2003,324,7,59,-7.73,459.7,8.77,3.71,615,-39
2003,324,8,0,-7.43,,,,620,-39
2003,324,8,1,-6.19,453.1,8.0,3.28,608,-40
2003,324,8,2,-5.75,457.7,8.08,3.39,597,-41
2003,324,8,3,-5.89,450.5,7.8,3.17,715,-37
2003,324,8,4,-5.64,444.2,8.73,3.45,856,-12
2003,324,8,5,-6.09,444.4,8.78,3.47,1060,5
2003,324,8,6,-4.56,546.3,14.21,8.48,1089,8
2003,324,8,7,-5.08,526.4,13.8,7.65,1153,3
2003,324,8,8,-2.09,592.2,20.38,14.29,1041,-2
2003,324,8,9,-5.52,560.4,17.82,11.19,1070,-4
2003,324,8,10,-14.87,551.5,15.51,9.43,2526,-3
2003,324,8,11,-7.59,600.6,17.06,12.31,2428,0
2003,324,8,12,2.26,516.1,11.16,5.95,2053,1
2003,324,8,13,1.98,527.2,13.19,7.33,1638,-2
2003,324,8,14,-4.35,501.1,8.1,4.07,1683,-7
2003,324,8,15,-4.46,580.7,12.71,8.57,1884,-12
2003,324,8,16,-6.6,618.5,17.31,13.24,2042,-14
2003,324,8,17,-4.32,542.2,11.69,6.87,1897,-15
2003,324,8,18,1.14,615.0,11.86,8.97,1680,-15
2003,324,8,19,2.58,573.8,9.31,6.13,1459,-17
2003,324,8,20,4.52,488.8,6.6,3.15,1515,-23
2003,324,8,21,3.28,641.6,9.31,7.66,1212,-25
2003,324,8,22,1.49,628.5,10.39,8.21,1089,-26
2003,324,8,23,0.56,517.1,8.21,4.39,859,-24
2003,324,8,24,-1.49,520.4,7.01,3.8,906,-24
2003,324,8,25,-4.86,630.8,10.52,8.37,1250,-25
2003,324,8,26,-5.07,631.5,10.52,8.39,1262,-27
2003,324,8,27,-5.28,524.4,7.61,4.19,1329,-28
2003,324,8,28,-3.9,634.1,10.83,8.71,1480,-29
2003,324,8,29,-4.74,571.8,9.24,6.04,1711,-31
2003,324,8,30,-5.73,451.1,6.51,2.65,1969,-31
2003,324,8,31,-8.22,600.6,9.74,7.03,1358,-30
2003,324,8,32,-8.56,666.6,11.05,9.82,1096,-31
2003,324,8,33,-9.34,527.4,7.69,4.28,1003,-31
2003,324,8,34,-6.86,661.7,10.18,8.91,1022,-31
2003,324,8,35,-8.88,683.2,11.47,10.71,970,-31
2003,324,8,36,-9.55,628.1,10.35,8.17,1036,-30
2003,324,8,37,-9.29,630.0,10.92,8.67,931,-30
2003,324,8,38,-10.97,702.9,12.83,12.68,802,-29
2003,324,8,39,-6.72,702.0,12.58,12.4,696,-29
2003,324,8,40,-5.67,717.6,13.91,14.33,732,-27
2003,324,8,41,-7.88,722.8,14.33,14.97,787,-24
2003,324,8,42,-7.06,731.7,14.95,16.01,971,-22
2003,324,8,43,-2.81,,,,1041,-21
2003,324,8,44,-9.24,719.5,14.37,14.88,1110,-22
2003,324,8,45,-9.54,718.4,14.51,14.98,1113,-22
2003,324,8,46,-7.63,710.5,14.6,14.74,1115,-24
2003,324,8,47,-5.18,723.0,14.23,14.88,1186,-25
2003,324,8,48,-6.74,734.5,14.08,15.19,997,-26
2003,324,8,49,-10.77,749.2,11.69,13.12,1160,-26
2003,324,8,50,-11.96,753.4,12.1,13.74,1245,-27
2003,324,8,51,-13.11,755.9,12.34,14.1,1108,-28
2003,324,8,52,-6.2,743.4,12.55,13.87,1000,-29
2003,324,8,53,2.08,693.2,12.89,12.39,961,-32
2003,324,8,54,3.33,674.8,14.11,12.85,978,-34
2003,324,8,55,3.08,671.7,13.99,12.62,939,-35
2003,324,8,56,2.08,671.9,14.07,12.7,908,-35
2003,324,8,57,1.16,690.8,14.12,13.48,958,-34
2003,324,8,58,0.69,693.0,13.94,13.39,1179,-31
2003,324,8,59,0.07,700.5,13.3,13.05,1131,-32
2003,324,9,0,-1.07,703.4,13.53,13.39,1164,-32
2003,324,9,1,-0.86,703.5,13.19,13.06,1094,-33
2003,324,9,2,-0.62,696.9,13.79,13.39,1129,-34
2003,324,9,3,-0.97,691.4,13.35,12.76,1026,-36
2003,324,9,4,-0.26,688.7,13.56,12.86,979,-36
2003,324,9,5,-1.09,693.0,13.71,13.17,1007,-38
2003,324,9,6,1.41,696.1,13.69,13.27,986,-38
2003,324,9,7,1.49,696.6,13.69,13.29,978,-40
2003,324,9,8,-1.73,686.4,13.16,12.4,934,-41
2003,324,9,9,-3.6,696.8,17.1,16.61,933,-40
2003,324,9,10,-3.46,700.1,18.52,18.15,975,-34
2003,324,9,11,-3.02,700.1,18.52,18.15,1035,-30
2003,324,9,12,-7.08,705.5,18.91,18.82,1090,-32
2003,324,9,13,-11.82,706.3,18.65,18.61,1118,-34
2003,324,9,14,-9.76,710.9,18.49,18.69,1030,-34
2003,324,9,15,-11.18,715.4,19.39,19.85,997,-34
2003,324,9,16,-4.66,703.8,21.27,21.07,1015,-33
2003,324,9,17,-5.1,697.7,21.37,20.81,1063,-32
2003,324,9,18,-9.78,698.0,19.85,19.34,1115,-32
2003,324,9,19,-11.05,700.1,22.69,22.24,1237,-32
2003,324,9,20,-14.96,704.6,19.7,19.56,1468,-29
2003,324,9,21,-17.21,705.2,19.71,19.6,1528,-28
2003,324,9,22,-16.91,704.2,23.7,23.51,1331,-28
2003,324,9,23,-13.9,703.4,23.26,23.02,1287,-29
2003,324,9,24,-15.33,704.1,22.61,22.42,1229,-30
2003,324,9,25,-15.47,706.4,23.13,23.08,1173,-32
2003,324,9,26,-15.02,703.7,23.05,22.83,1239,-34
2003,324,9,27,-14.52,705.1,23.07,22.94,1270,-33
2003,324,9,28,-14.91,701.8,22.63,22.29,1174,-34
2003,324,9,29,-12.18,701.5,22.89,22.53,1066,-34
2003,324,9,30,-9.84,705.7,23.9,23.8,1116,-34
2003,324,9,31,-15.91,703.2,22.51,22.26,1262,-35
2003,324,9,32,-11.23,703.5,21.05,20.84,1212,-34
2003,324,9,33,-10.89,705.9,19.73,19.66,1183,-34
2003,324,9,34,-9.82,705.9,20.19,20.12,1081,-33
2003,324,9,35,-5.75,697.8,18.73,18.24,948,-34
2003,324,9,36,-6.03,699.0,19.81,19.36,905,-35
2003,324,9,37,-4.94,699.2,19.97,19.53,938,-37
2003,324,9,38,-7.52,697.8,21.03,20.48,992,-37
2003,324,9,39,-9.41,695.7,20.06,19.42,996,-37
2003,324,9,40,-9.36,699.2,20.22,19.77,994,-37
2003,324,9,41,-13.02,699.2,19.82,19.38,985,-38
2003,324,9,42,-6.16,697.0,20.09,19.52,1023,-39
2003,324,9,43,-8.02,693.1,21.17,20.34,1024,-41
2003,324,9,44,-9.5,689.2,19.25,18.29,1017,-45
2003,324,9,45,-11.64,702.9,17.97,17.76,1210,-46
2003,324,9,46,-17.08,703.2,18.64,18.43,1413,-45
2003,324,9,47,-16.93,703.4,19.39,19.19,1175,-45
2003,324,9,48,-14.66,700.7,17.98,17.66,943,-46
2003,324,9,49,-8.5,700.1,18.81,18.44,1184,-48
2003,324,9,50,-7.55,700.9,17.12,16.82,1225,-51
2003,324,9,51,-5.15,699.7,17.46,17.1,1325,-57
2003,324,9,52,-2.74,698.7,17.58,17.16,1434,-60
2003,324,9,53,-3.74,698.8,19.39,18.94,1357,-59
2003,324,9,54,-2.03,704.4,19.66,19.51,1337,-58
2003,324,9,55,-2.86,703.2,21.23,21.0,1273,-58
2003,324,9,56,-2.95,700.0,18.32,17.95,1209,-58
2003,324,9,57,-2.06,699.4,18.57,18.17,1385,-59
2003,324,9,58,-1.82,697.8,21.25,20.69,1195,-60
2003,324,9,59,-1.6,698.6,20.11,19.63,979,-61
2003,324,10,0,2.86,692.1,20.35,19.5,1006,-62
2003,324,10,1,2.27,693.1,20.66,19.85,1052,-63
2003,324,10,2,3.67,693.8,21.3,20.51,1099,-62
2003,324,10,3,3.93,698.4,21.04,20.53,1124,-64
2003,324,10,4,4.84,690.8,21.16,20.2,1047,-65
2003,324,10,5,7.78,697.4,21.57,20.98,1157,-65
2003,324,10,6,11.42,688.9,20.57,19.52,1189,-66
2003,324,10,7,6.15,689.5,16.65,15.83,1016,-67
2003,324,10,8,4.15,690.2,12.03,11.46,963,-74
2003,324,10,9,0.64,689.2,13.64,12.96,953,-79
2003,324,10,10,-1.14,695.8,14.43,13.97,948,-79
2003,324,10,11,-7.0,701.1,17.47,17.17,896,-77
2003,324,10,12,-11.35,693.3,16.74,16.09,892,-75
2003,324,10,13,-12.75,691.0,17.74,16.94,933,-74
2003,324,10,14,-9.31,693.0,17.46,16.77,916,-76
2003,324,10,15,-6.85,694.5,18.52,17.87,953,-71
2003,324,10,16,-1.4,693.2,20.74,19.93,933,-67
2003,324,10,17,4.44,683.8,21.97,20.55,925,-65
2003,324,10,18,16.02,682.8,22.08,20.59,1053,-61
2003,324,10,19,12.59,680.7,20.57,19.06,1126,-47
2003,324,10,20,8.25,682.3,22.55,21.0,1007,-48
2003,324,10,21,1.86,683.8,23.87,22.32,1115,-55
2003,324,10,22,-7.84,688.9,23.02,21.85,1035,-60
2003,324,10,23,-8.4,685.7,21.81,20.51,998,-67
2003,324,10,24,-3.98,684.2,21.42,20.05,1182,-68
2003,324,10,25,-4.89,687.9,22.24,21.05,1187,-67
2003,324,10,26,-2.36,690.6,21.17,20.19,1114,-69
2003,324,10,27,-4.06,689.9,19.37,18.44,1104,-68
2003,324,10,28,5.65,684.9,22.71,21.31,1180,-67
2003,324,10,29,5.37,683.1,21.0,19.6,1189,-66
2003,324,10,30,8.09,679.4,20.93,19.32,1214,-69
2003,324,10,31,8.82,675.6,20.64,18.84,1198,-71
2003,324,10,32,-3.41,678.6,20.98,19.32,1296,-69
2003,324,10,33,-4.18,677.2,19.31,17.71,1185,-70
2003,324,10,34,-9.42,671.5,13.91,12.54,1091,-72
2003,324,10,35,-4.03,666.5,14.32,12.72,1074,-78
2003,324,10,36,8.43,666.2,24.34,21.61,1007,-83
2003,324,10,37,13.17,674.5,19.29,17.55,972,-75
2003,324,10,38,22.47,683.5,25.03,23.39,961,-79
2003,324,10,39,23.51,685.5,22.33,20.99,825,-79
2003,324,10,40,20.49,685.1,20.96,19.68,902,-79
2003,324,10,41,17.56,685.0,23.02,21.6,1084,-78
2003,324,10,42,17.44,688.8,18.35,17.41,1110,-82
2003,324,10,43,18.43,688.4,3.41,3.23,1197,-84
2003,324,10,44,18.87,698.8,3.35,3.27,1263,-99
2003,324,10,45,19.21,697.5,3.47,3.38,1189,-116
2003,324,10,46,19.07,694.6,3.3,3.18,999,-117
2003,324,10,47,19.4,690.8,3.82,3.65,980,-114
2003,324,10,48,15.71,688.9,3.1,2.94,895,-114
2003,324,10,49,19.09,691.6,2.64,2.53,726,-114
2003,324,10,50,20.35,695.1,2.5,2.42,662,-113
2003,324,10,51,22.75,695.1,2.5,2.42,634,-111
2003,324,10,52,21.94,687.5,3.47,3.28,629,-108
2003,324,10,53,22.39,687.5,3.42,3.23,625,-105
2003,324,10,54,21.57,687.3,3.31,3.13,636,-104
2003,324,10,55,21.24,681.2,3.83,3.55,623,-103
2003,324,10,56,19.56,688.2,3.89,3.68,597,-102
2003,324,10,57,23.3,695.0,3.64,3.52,630,-99
2003,324,10,58,25.55,692.0,3.83,3.67,693,-98
2003,324,10,59,19.3,697.1,3.98,3.87,742,-98
2003,324,11,0,23.31,698.1,3.92,3.82,694,-92
2003,324,11,1,25.0,698.1,3.92,3.82,655,-92
2003,324,11,2,25.09,681.9,5.21,4.85,630,-92
2003,324,11,3,23.46,698.3,5.33,5.2,643,-88
2003,324,11,4,19.9,705.0,6.14,6.1,639,-88
2003,324,11,5,19.87,705.8,5.04,5.02,627,-84
2003,324,11,6,20.71,705.1,5.51,5.48,609,-78
2003,324,11,7,18.43,701.6,5.28,5.2,606,-76
2003,324,11,8,16.82,701.5,5.05,4.97,577,-75
2003,324,11,9,16.65,709.2,6.97,7.01,559,-76
2003,324,11,10,15.79,709.2,6.97,7.01,560,-73
2003,324,11,11,16.27,710.7,10.13,10.23,587,-68
2003,324,11,12,14.53,714.4,9.78,9.98,617,-65
2003,324,11,13,13.43,704.2,8.93,8.86,647,-65
2003,324,11,14,18.74,696.0,8.81,8.54,623,-65
2003,324,11,15,33.59,690.3,9.51,9.06,627,-65
2003,324,11,16,28.15,700.7,12.19,11.97,705,-67
2003,324,11,17,26.35,702.1,14.22,14.02,706,-62
2003,324,11,18,26.88,707.0,11.89,11.89,750,-61
2003,324,11,19,27.46,739.6,13.99,15.31,821,-61
2003,324,11,20,28.74,756.1,12.9,14.75,829,-57
2003,324,11,21,26.2,766.3,12.3,14.45,865,-50
2003,324,11,22,24.73,749.4,11.92,13.39,869,-50
2003,324,11,23,23.68,749.4,11.94,13.41,809,-56
2003,324,11,24,5.98,749.5,12.15,13.65,686,-60
2003,324,11,25,-3.38,718.9,6.98,7.21,534,-68
2003,324,11,26,-2.75,718.9,6.98,7.21,542,-78
2003,324,11,27,-4.71,723.2,7.08,7.41,531,-81
2003,324,11,28,-6.11,718.7,7.17,7.41,463,-77
2003,324,11,29,-8.22,718.2,7.37,7.6,402,-75
2003,324,11,30,4.6,719.6,9.5,9.84,512,-75
2003,324,11,31,-0.29,739.5,8.14,8.9,591,-74
2003,324,11,32,-1.36,746.7,8.29,9.24,636,-72
2003,324,11,33,-7.12,720.0,6.78,7.03,676,-70
2003,324,11,34,-8.04,720.0,6.78,7.03,690,-67
2003,324,11,35,-15.94,711.4,5.75,5.82,655,-67
2003,324,11,36,-9.12,686.8,7.92,7.47,614,-65
2003,324,11,37,-14.42,687.6,5.89,5.57,563,-67
2003,324,11,38,-17.74,702.1,4.1,4.04,453,-68
2003,324,11,39,-16.92,696.7,4.77,4.63,371,-68
2003,324,11,40,-17.46,694.6,5.42,5.23,393,-63
2003,324,11,41,-16.79,692.1,6.36,6.09,398,-58
2003,324,11,42,-17.78,691.3,6.64,6.35,376,-57
2003,324,11,43,-19.66,685.6,6.88,6.47,351,-58
2003,324,11,44,-21.58,689.7,7.36,7.0,418,-64
2003,324,11,45,-21.15,686.0,7.39,6.96,496,-66
2003,324,11,46,-16.31,701.5,8.24,8.11,496,-67
2003,324,11,47,-13.64,696.0,5.42,5.25,488,-67
2003,324,11,48,-12.6,648.5,8.03,6.75,478,-70
2003,324,11,49,-9.74,693.0,6.25,6.0,501,-67
2003,324,11,50,-6.99,683.3,7.94,7.41,560,-63
2003,324,11,51,-6.38,687.2,7.53,7.11,531,-61
2003,324,11,52,-2.55,683.5,7.17,6.7,619,-57
2003,324,11,53,-4.67,682.4,7.39,6.88,646,-53
2003,324,11,54,-7.62,684.1,7.62,7.13,595,-53
2003,324,11,55,-12.96,694.0,7.1,6.84,565,-51
2003,324,11,56,-15.66,,,,539,-52
2003,324,11,57,-18.77,661.6,6.15,5.38,473,-56
2003,324,11,58,-19.82,661.6,6.15,5.38,444,-60
2003,324,11,59,-21.82,658.6,6.62,5.74,342,-60
2003,324,12,0,-19.46,658.6,6.62,5.74,264,-63
2003,324,12,1,-16.49,654.7,8.5,7.29,265,-63
2003,324,12,2,-17.12,658.6,7.6,6.59,347,-64
2003,324,12,3,-20.27,659.6,6.12,5.33,410,-68
2003,324,12,4,-24.97,657.5,6.73,5.82,450,-68
2003,324,12,5,-24.12,656.4,6.93,5.97,658,-69
2003,324,12,6,-24.53,654.3,6.59,5.64,866,-70
2003,324,12,7,-24.73,651.8,6.46,5.49,861,-71
2003,324,12,8,-24.21,650.1,6.79,5.74,849,-70
2003,324,12,9,-23.57,648.4,6.64,5.58,861,-70
2003,324,12,10,-24.44,647.2,5.41,4.53,1013,-67
2003,324,12,11,-25.09,647.3,6.2,5.2,1073,-67
2003,324,12,12,-23.91,648.2,5.88,4.94,1074,-67
2003,324,12,13,-22.0,651.8,5.24,4.45,1225,-66
2003,324,12,14,-21.51,648.9,5.49,4.62,1541,-64
2003,324,12,15,-20.77,645.5,5.79,4.83,1821,-67
2003,324,12,16,-20.5,646.7,6.21,5.19,2206,-66
2003,324,12,17,-21.16,648.2,5.61,4.71,2193,-65
2003,324,12,18,-22.16,638.2,5.53,4.5,1873,-69
2003,324,12,19,-23.07,638.2,5.56,4.53,1903,-69
2003,324,12,20,-22.85,638.3,6.78,5.52,2108,-70
2003,324,12,21,-22.9,636.3,6.72,5.44,1999,-70
2003,324,12,22,-23.06,638.2,6.39,5.21,1436,-69
2003,324,12,23,-23.13,636.4,6.38,5.17,1352,-68
2003,324,12,24,-23.64,637.8,6.29,5.12,1502,-67
2003,324,12,25,-22.89,636.0,7.17,5.8,1540,-67
2003,324,12,26,-22.25,634.0,7.74,6.22,1751,-66
2003,324,12,27,-22.71,626.9,7.19,5.65,2013,-66
2003,324,12,28,-24.6,635.3,9.65,7.79,2147,-66
2003,324,12,29,-23.97,636.7,8.4,6.81,1920,-64
2003,324,12,30,-23.31,635.2,7.82,6.31,2039,-62
2003,324,12,31,-22.77,628.7,7.31,5.78,2044,-60
2003,324,12,32,-24.07,,,,2019,-61
2003,324,12,33,-24.82,628.2,8.7,6.87,1933,-59
2003,324,12,34,-24.06,624.7,7.18,5.6,2077,-58
2003,324,12,35,-24.25,630.4,7.08,5.63,2119,-58
2003,324,12,36,-24.82,631.2,6.84,5.45,2170,-59
2003,324,12,37,-25.21,630.7,6.21,4.94,1993,-59
2003,324,12,38,-25.36,628.8,8.02,6.34,2199,-60
2003,324,12,39,-26.79,631.5,8.03,6.4,2072,-61
2003,324,12,40,-27.38,635.7,6.03,4.87,1887,-60
2003,324,12,41,-27.22,633.0,8.63,6.92,1847,-60
2003,324,12,42,-27.83,632.7,8.67,6.94,2017,-62
2003,324,12,43,-28.19,639.6,7.26,5.94,1817,-61
2003,324,12,44,-29.66,637.9,7.36,5.99,1533,-61
2003,324,12,45,-28.3,645.3,8.58,7.15,1472,-61
2003,324,12,46,-27.45,645.8,8.92,7.44,1445,-61
2003,324,12,47,-27.33,633.4,12.12,9.72,1555,-61
2003,324,12,48,-27.59,637.8,10.78,8.77,1602,-63
2003,324,12,49,-25.96,637.0,8.85,7.18,1629,-64
2003,324,12,50,-23.72,632.0,9.52,7.61,1604,-63
2003,324,12,51,-26.3,635.0,9.32,7.52,1653,-69
2003,324,12,52,-29.23,636.7,9.47,7.68,1630,-73
2003,324,12,53,-32.73,645.0,6.44,5.36,1521,-77
2003,324,12,54,-32.19,649.0,7.24,6.1,1593,-82
2003,324,12,55,-30.96,641.7,7.4,6.09,1456,-87
2003,324,12,56,-30.07,639.8,7.48,6.12,1434,-85
2003,324,12,57,-33.04,643.5,6.98,5.78,1667,-86
2003,324,12,58,-31.84,645.0,8.62,7.17,1990,-89
2003,324,12,59,-28.53,643.5,11.08,9.18,1986,-90
2003,324,13,0,-25.02,642.1,16.17,13.33,1683,-86
2003,324,13,1,-21.98,643.6,16.68,13.82,1568,-81
2003,324,13,2,-22.15,641.2,15.14,12.45,1404,-82
2003,324,13,3,-20.86,639.6,14.69,12.02,1613,-82
2003,324,13,4,-18.71,638.6,14.72,12.01,1844,-85
2003,324,13,5,-16.73,638.1,14.32,11.66,1908,-89
2003,324,13,6,-16.14,,,,2061,-88
2003,324,13,7,-15.13,632.3,25.08,20.05,2092,-86
2003,324,13,8,-5.59,627.4,27.58,21.71,2102,-89
2003,324,13,9,-7.84,626.2,28.65,22.47,1995,-86
2003,324,13,10,-12.07,627.6,27.73,21.84,1945,-81
2003,324,13,11,-9.88,625.4,24.19,18.92,2164,-86
2003,324,13,12,-12.36,628.5,23.88,18.87,2330,-91
2003,324,13,13,-25.43,632.6,11.25,9.0,2437,-93
2003,324,13,14,-26.31,632.7,7.85,6.28,2082,-101
2003,324,13,15,-27.86,638.9,8.44,6.89,1951,-116
2003,324,13,16,-28.7,639.5,8.5,6.95,1746,-122
2003,324,13,17,-31.65,629.3,9.1,7.21,1594,-120
2003,324,13,18,-32.34,621.6,7.69,5.94,1586,-122
2003,324,13,19,-33.68,627.7,7.97,6.28,1561,-125
2003,324,13,20,-32.3,624.8,8.78,6.85,1689,-127
2003,324,13,21,-32.73,624.5,6.49,5.06,1802,-130
2003,324,13,22,-30.71,646.1,8.32,6.95,1867,-132
2003,324,13,23,-30.19,650.0,10.72,9.06,1888,-135
2003,324,13,24,-30.72,650.6,12.69,10.74,1758,-133
2003,324,13,25,-30.71,658.9,12.98,11.27,1611,-134
2003,324,13,26,-28.08,651.4,14.21,12.06,1630,-136
2003,324,13,27,-31.13,645.8,12.53,10.45,1873,-136
2003,324,13,28,-29.89,641.0,11.1,9.12,2248,-139
2003,324,13,29,-32.74,635.1,12.17,9.82,2537,-139
2003,324,13,30,-31.28,639.0,10.19,8.32,2569,-139
2003,324,13,31,-30.32,643.9,11.2,9.29,2630,-140
2003,324,13,32,-29.53,638.7,9.8,8.0,2747,-142
2003,324,13,33,-29.17,634.7,11.17,9.0,2947,-145
2003,324,13,34,-28.26,637.5,11.54,9.38,2903,-146
2003,324,13,35,-30.02,640.1,11.76,9.64,2326,-146
2003,324,13,36,-29.02,631.1,14.48,11.53,1815,-146
2003,324,13,37,-29.5,637.1,13.53,10.98,1999,-148
2003,324,13,38,-27.65,639.3,14.04,11.48,2161,-149
2003,324,13,39,-26.38,638.4,13.8,11.25,2172,-149
2003,324,13,40,-28.42,638.4,13.82,11.26,1977,-149
2003,324,13,41,-28.62,640.0,15.33,12.56,1705,-149
2003,324,13,42,-24.28,637.7,14.19,11.54,1649,-149
2003,324,13,43,-25.61,635.2,14.48,11.68,1297,-149
2003,324,13,44,-24.96,639.1,13.91,11.36,1204,-150
2003,324,13,45,-26.12,640.8,12.4,10.18,1246,-152
2003,324,13,46,-25.34,641.8,12.93,10.65,1108,-153
2003,324,13,47,-24.29,639.1,12.64,10.33,819,-154
2003,324,13,48,-23.15,638.2,13.61,11.09,644,-154
2003,324,13,49,-23.69,638.9,12.25,10.0,605,-156
2003,324,13,50,-24.99,641.7,13.37,11.01,534,-156
2003,324,13,51,-20.78,638.3,13.63,11.11,523,-158
2003,324,13,52,-22.26,635.5,11.13,8.99,512,-159
2003,324,13,53,-29.46,632.5,11.15,8.92,586,-161
2003,324,13,54,-31.44,627.1,10.95,8.61,602,-165
2003,324,13,55,-33.82,628.7,9.08,7.18,621,-167
2003,324,13,56,-32.83,622.9,9.92,7.7,651,-170
2003,324,13,57,-34.13,632.6,7.54,6.03,748,-174
2003,324,13,58,-34.79,632.4,8.06,6.45,849,-173
2003,324,13,59,-34.82,630.5,7.01,5.57,824,-174
2003,324,14,0,-36.3,625.7,7.91,6.19,722,-176
2003,324,14,1,-38.76,628.1,6.81,5.37,628,-175
2003,324,14,2,-39.44,629.0,6.95,5.5,597,-176
2003,324,14,3,-40.0,629.3,7.16,5.67,583,-178
2003,324,14,4,-40.61,623.5,7.07,5.5,590,-179
2003,324,14,5,-40.92,622.5,7.55,5.85,591,-178
2003,324,14,6,-41.41,,,,586,-180
2003,324,14,7,-41.23,,,,680,-179
2003,324,14,8,-41.2,,,,729,-179
2003,324,14,9,-41.13,619.1,8.03,6.16,701,-181
2003,324,14,10,-40.78,619.1,8.03,6.16,698,-182
2003,324,14,11,-39.93,620.0,7.64,5.87,598,-184
2003,324,14,12,-40.42,620.0,7.64,5.87,592,-185
2003,324,14,13,-40.18,,,,504,-187
2003,324,14,14,-40.13,598.5,6.57,4.71,456,-187
2003,324,14,15,-40.69,603.3,6.56,4.78,622,-188
2003,324,14,16,-40.8,610.2,6.52,4.86,638,-189
2003,324,14,17,-40.48,610.4,6.26,4.66,617,-190
2003,324,14,18,-39.33,609.9,5.79,4.31,653,-191
2003,324,14,19,-39.64,609.9,5.79,4.31,701,-192
2003,324,14,20,-39.77,601.9,6.46,4.68,662,-192
2003,324,14,21,-39.41,601.9,6.46,4.68,630,-195
2003,324,14,22,-39.78,604.2,6.4,4.67,629,-195
2003,324,14,23,-41.23,615.2,6.37,4.82,617,-195
2003,324,14,24,-41.25,606.4,5.74,4.22,596,-196
2003,324,14,25,-42.7,608.0,5.02,3.71,579,-196
2003,324,14,26,-42.56,608.1,4.92,3.64,594,-199
2003,324,14,27,-42.48,605.0,5.37,3.93,516,-199
2003,324,14,28,-44.37,614.8,5.31,4.01,505,-200
2003,324,14,29,-44.83,617.9,4.03,3.08,526,-200
2003,324,14,30,-45.74,613.8,3.09,2.33,520,-199
2003,324,14,31,-45.81,605.4,3.64,2.67,528,-200
2003,324,14,32,-45.34,605.4,3.64,2.67,533,-202
2003,324,14,33,-45.87,615.0,4.41,3.34,517,-203
2003,324,14,34,-45.26,615.0,4.41,3.34,500,-203
2003,324,14,35,-44.73,618.4,4.98,3.81,497,-205
2003,324,14,36,-44.92,616.0,4.87,3.7,486,-206
2003,324,14,37,-44.91,613.5,4.75,3.58,494,-206
2003,324,14,38,-44.98,608.9,5.87,4.35,495,-205
2003,324,14,39,-45.68,609.4,5.79,4.3,488,-203
2003,324,14,40,-46.86,612.3,5.03,3.77,510,-201
2003,324,14,41,-47.38,612.1,4.62,3.46,521,-201
2003,324,14,42,-47.74,619.0,5.32,4.08,517,-200
2003,324,14,43,-47.82,620.4,4.66,3.59,595,-198
2003,324,14,44,-48.43,623.5,4.65,3.62,617,-199
2003,324,14,45,-48.46,621.6,4.56,3.52,617,-199
2003,324,14,46,-48.1,620.5,4.5,3.47,640,-198
2003,324,14,47,-48.4,629.3,5.63,4.46,677,-198
2003,324,14,48,-49.15,629.0,5.62,4.45,657,-198
2003,324,14,49,-48.83,623.9,5.46,4.25,702,-198
2003,324,14,50,-49.13,621.0,4.39,3.39,809,-199
2003,324,14,51,-49.43,621.0,4.39,3.39,839,-199
2003,324,14,52,-49.01,621.0,4.39,3.39,810,-199
2003,324,14,53,-49.18,628.2,4.37,3.45,929,-200
2003,324,14,54,-49.26,627.2,4.35,3.42,841,-200
2003,324,14,55,-49.04,625.1,4.18,3.27,834,-200
2003,324,14,56,-49.28,628.2,4.53,3.58,910,-199
2003,324,14,57,-49.51,629.8,4.53,3.59,969,-199
2003,324,14,58,-49.68,626.4,4.5,3.53,908,-198
2003,324,14,59,-49.51,619.5,4.53,3.48,961,-198
2003,324,15,0,-49.59,620.2,4.64,3.57,763,-199
2003,324,15,1,-49.45,618.6,5.78,4.42,772,-199
2003,324,15,2,-49.61,616.8,5.41,4.12,947,-200
2003,324,15,3,-49.94,619.8,4.77,3.66,1048,-201
2003,324,15,4,-50.76,619.8,4.95,3.8,1177,-202
2003,324,15,5,-50.9,620.0,5.16,3.97,1175,-202
2003,324,15,6,-50.99,625.7,4.88,3.82,1177,-204
2003,324,15,7,-50.93,629.5,5.14,4.07,1186,-206
2003,324,15,8,-51.33,627.2,5.24,4.12,1253,-210
2003,324,15,9,-51.59,621.5,5.22,4.03,1470,-211
2003,324,15,10,-52.14,620.6,5.25,4.04,1446,-211
2003,324,15,11,-51.83,620.1,5.33,4.1,1297,-211
2003,324,15,12,-51.0,628.1,5.04,3.98,1181,-211
2003,324,15,13,-51.07,636.3,5.07,4.11,1146,-211
2003,324,15,14,-51.3,629.2,5.04,3.99,1158,-212
2003,324,15,15,-51.37,629.2,5.04,3.99,1179,-211
2003,324,15,16,-51.51,627.5,4.96,3.91,1164,-210
2003,324,15,17,-51.6,627.3,4.9,3.86,1176,-208
2003,324,15,18,-51.63,626.6,4.72,3.71,1300,-207
2003,324,15,19,-51.84,614.7,5.84,4.41,1437,-208
2003,324,15,20,-51.73,614.7,5.84,4.41,1555,-210
2003,324,15,21,-51.68,606.5,5.33,3.92,1320,-211
2003,324,15,22,-51.54,607.3,5.37,3.96,1550,-213
2003,324,15,23,-51.43,617.3,5.77,4.4,1813,-216
2003,324,15,24,-51.57,619.9,5.1,3.92,1886,-221
2003,324,15,25,-51.19,621.4,5.46,4.22,1978,-223
2003,324,15,26,-51.12,622.6,4.86,3.77,2287,-226
2003,324,15,27,-50.87,622.8,4.79,3.72,1973,-229
2003,324,15,28,-51.56,614.0,5.78,4.36,1806,-230
2003,324,15,29,-52.08,614.0,5.77,4.35,1805,-231
2003,324,15,30,-52.33,613.7,5.38,4.05,1817,-232
2003,324,15,31,-52.15,613.6,5.38,4.05,1767,-232
2003,324,15,32,-50.83,609.8,6.28,4.67,1623,-233
2003,324,15,33,-49.77,610.6,4.92,3.67,1775,-232
2003,324,15,34,-49.99,606.7,4.86,3.58,2062,-233
2003,324,15,35,-50.67,609.2,5.07,3.76,2007,-235
2003,324,15,36,-50.9,607.2,5.02,3.7,1978,-237
2003,324,15,37,-50.54,603.5,4.92,3.58,1822,-237
2003,324,15,38,-50.38,602.5,5.04,3.66,1979,-237
2003,324,15,39,-50.72,606.6,4.86,3.58,2122,-238
2003,324,15,40,-50.7,606.5,5.15,3.79,2047,-237
2003,324,15,41,-50.56,606.4,5.19,3.82,1879,-237
2003,324,15,42,-50.59,602.9,5.48,3.98,1699,-238
2003,324,15,43,-50.84,600.1,4.95,3.57,1452,-239
2003,324,15,44,-51.23,603.3,5.02,3.65,1288,-239
2003,324,15,45,-51.17,604.5,4.76,3.48,1647,-239
2003,324,15,46,-51.41,605.7,5.01,3.68,2293,-237
2003,324,15,47,-51.6,601.6,4.92,3.56,2304,-237
2003,324,15,48,-51.81,594.7,4.78,3.38,2038,-238
2003,324,15,49,-51.71,600.5,4.96,3.58,1749,-239
2003,324,15,50,-51.81,591.5,4.73,3.31,1656,-239
2003,324,15,51,-51.87,591.5,4.72,3.3,1857,-240
2003,324,15,52,-52.01,596.8,4.88,3.48,2216,-240
2003,324,15,53,-52.1,596.8,4.88,3.48,2059,-241
2003,324,15,54,-52.21,599.1,4.65,3.34,1677,-242
2003,324,15,55,-52.17,599.1,4.65,3.34,1700,-243
2003,324,15,56,-52.25,,,,1820,-246
2003,324,15,57,-52.12,601.7,5.02,3.63,1634,-248
2003,324,15,58,-52.07,601.7,5.02,3.63,1469,-250
2003,324,15,59,-52.2,,,,1537,-254
2003,324,16,0,-51.98,,,,1596,-255
2003,324,16,1,-51.96,,,,1428,-256
2003,324,16,2,-51.87,598.3,4.96,3.55,1183,-258
2003,324,16,3,-52.0,598.3,4.96,3.55,1053,-259
2003,324,16,4,-51.81,,,,1106,-261
2003,324,16,5,-51.95,605.2,4.41,3.23,1001,-262
2003,324,16,6,-51.87,605.2,4.41,3.23,1007,-263
2003,324,16,7,-51.72,,,,1093,-264
2003,324,16,8,-51.78,595.4,4.56,3.23,1447,-266
2003,324,16,9,-51.75,595.4,4.56,3.23,1248,-266
2003,324,16,10,-51.15,580.5,4.72,3.18,1333,-267
2003,324,16,11,-51.67,583.5,4.56,3.11,1425,-268
2003,324,16,12,-50.78,594.6,5.08,3.59,1505,-270
2003,324,16,13,-50.68,564.8,7.17,4.57,1532,-271
2003,324,16,14,-50.46,567.9,7.81,5.04,1542,-270
2003,324,16,15,-50.54,562.9,7.82,4.96,1740,-272
2003,324,16,16,-50.86,565.5,7.47,4.78,1756,-274
2003,324,16,17,-50.69,562.7,6.94,4.39,1789,-274
2003,324,16,18,-50.37,562.6,7.19,4.55,1637,-274
2003,324,16,19,-50.3,567.1,8.77,5.64,1331,-273
2003,324,16,20,-49.84,586.6,21.81,15.01,1466,-272
2003,324,16,21,-50.26,567.3,9.19,5.92,1381,-271
2003,324,16,22,-50.11,566.8,7.45,4.79,1057,-271
2003,324,16,23,-49.86,563.7,11.35,7.21,1375,-271
2003,324,16,24,-49.84,575.2,16.62,11.0,1708,-276
2003,324,16,25,-49.14,591.5,21.18,14.82,1733,-280
2003,324,16,26,-49.24,581.3,15.25,10.31,1316,-284
2003,324,16,27,-49.38,597.4,24.96,17.82,1091,-288
2003,324,16,28,-50.2,592.7,18.49,12.99,1183,-291
2003,324,16,29,-49.55,591.1,19.98,13.96,1195,-295
2003,324,16,30,-48.12,593.6,20.89,14.72,1346,-293
2003,324,16,31,-48.28,608.9,20.79,15.42,2003,-298
2003,324,16,32,-48.04,619.9,24.02,18.46,3221,-300
2003,324,16,33,-48.99,592.9,17.55,12.34,4174,-304
2003,324,16,34,-49.66,593.7,23.75,16.74,4192,-308
2003,324,16,35,-49.6,597.3,20.47,14.61,3570,-314
2003,324,16,36,-50.37,593.4,20.32,14.31,2924,-316
2003,324,16,37,-50.43,593.8,19.54,13.78,2447,-315
2003,324,16,38,-47.91,590.7,21.16,14.77,2359,-319
2003,324,16,39,-47.46,613.4,21.21,15.96,2212,-322
2003,324,16,40,-47.47,620.4,22.28,17.15,2033,-327
2003,324,16,41,-47.37,617.2,25.94,19.76,1615,-328
2003,324,16,42,-47.4,613.0,18.7,14.05,1534,-331
2003,324,16,43,-47.82,613.0,18.7,14.05,1388,-336
2003,324,16,44,-47.62,,,,1289,-339
2003,324,16,45,-47.58,603.6,15.84,11.54,1360,-339
2003,324,16,46,-47.74,603.6,15.84,11.54,1530,-342
2003,324,16,47,-47.88,,,,1563,-350
2003,324,16,48,-47.55,,,,1666,-355
2003,324,16,49,-47.25,599.6,14.88,10.7,1625,-361
2003,324,16,50,-46.8,599.6,14.88,10.7,1789,-364
2003,324,16,51,-46.66,,,,1771,-368
2003,324,16,52,-47.16,,,,1797,-368
2003,324,16,53,-47.35,,,,1751,-371
2003,324,16,54,-47.18,594.1,16.62,11.73,1628,-373
2003,324,16,55,-47.3,594.1,16.62,11.73,1600,-378
2003,324,16,56,-47.09,,,,1634,-380
2003,324,16,57,-47.0,,,,1566,-384
2003,324,16,58,-46.97,595.0,16.69,11.82,1559,-387
2003,324,16,59,-47.36,595.0,16.69,11.82,1464,-390
2003,324,17,0,-47.04,,,,1645,-391
2003,324,17,1,-46.92,592.7,16.84,11.83,1625,-391
2003,324,17,2,-46.55,592.7,16.84,11.83,1641,-392
2003,324,17,3,-46.56,,,,1759,-393
2003,324,17,4,-46.8,592.8,17.64,12.4,2078,-394
2003,324,17,5,-46.85,592.8,17.64,12.4,2125,-395
2003,324,17,6,-46.82,,,,2032,-394
2003,324,17,7,-46.42,593.3,19.2,13.52,2103,-398
2003,324,17,8,-45.52,593.3,19.2,13.52,2140,-399
2003,324,17,9,-45.19,,,,1848,-398
2003,324,17,10,-45.87,,,,1747,-399
2003,324,17,11,-45.62,595.3,18.22,12.91,1915,-402
2003,324,17,12,-43.37,595.3,18.22,12.91,2008,-405
2003,324,17,13,-43.19,,,,1957,-409
2003,324,17,14,-44.9,587.0,16.8,11.58,1768,-413
2003,324,17,15,-43.78,587.0,16.8,11.58,1739,-420
2003,324,17,16,-44.13,,,,2039,-423
2003,324,17,17,-43.92,590.0,18.99,13.22,1700,-425
2003,324,17,18,-44.22,590.0,18.99,13.22,1726,-425
2003,324,17,19,-44.35,,,,1786,-428
2003,324,17,20,-45.2,592.2,15.98,11.21,1783,-431
2003,324,17,21,-44.03,592.2,15.98,11.21,1653,-434
2003,324,17,22,-44.26,,,,1541,-436
2003,324,17,23,-44.26,588.0,16.24,11.23,1629,-435
2003,324,17,24,-44.38,588.0,16.24,11.23,1965,-439
2003,324,17,25,-45.18,,,,1985,-441
2003,324,17,26,-44.75,588.0,17.04,11.78,2109,-444
2003,324,17,27,-44.46,588.0,17.04,11.78,1827,-446
2003,324,17,28,-44.23,,,,864,-444
2003,324,17,29,-44.04,589.1,18.98,13.17,695,-440
2003,324,17,30,-45.12,589.1,18.98,13.17,916,-436
2003,324,17,31,-45.35,597.5,18.98,13.55,975,-433
2003,324,17,32,-45.71,597.5,18.98,13.55,883,-433
2003,324,17,33,-42.98,594.7,22.44,15.87,710,-433
2003,324,17,34,-42.81,585.3,18.14,12.43,701,-431
2003,324,17,35,-42.84,582.9,19.88,13.51,1155,-432
2003,324,17,36,-42.89,587.2,18.36,12.66,1626,-431
2003,324,17,37,-42.81,586.2,19.53,13.42,860,-429
2003,324,17,38,-42.89,589.0,17.4,12.07,690,-428
2003,324,17,39,-43.81,591.8,19.54,13.69,913,-428
2003,324,17,40,-45.33,586.6,16.44,11.31,1253,-428
2003,324,17,41,-44.39,593.5,15.77,11.11,1628,-430
2003,324,17,42,-43.92,602.9,16.88,12.27,1692,-431
2003,324,17,43,-43.39,602.2,18.36,13.32,1600,-432
2003,324,17,44,-43.03,594.6,15.87,11.22,1161,-436
2003,324,17,45,-43.38,606.0,21.61,15.87,1194,-440
2003,324,17,46,-43.28,595.4,16.58,11.76,1272,-444
2003,324,17,47,-42.54,606.5,19.91,14.65,1305,-446
2003,324,17,48,-41.52,607.3,20.22,14.91,1322,-451
2003,324,17,49,-42.61,608.6,21.36,15.82,1315,-451
2003,324,17,50,-44.17,608.6,21.36,15.82,1298,-450
2003,324,17,51,-42.3,,,,1227,-452
2003,324,17,52,-42.37,606.8,20.57,15.15,1101,-455
2003,324,17,53,-42.72,577.3,20.73,13.82,911,-457
2003,324,17,54,-43.45,600.7,19.7,14.22,898,-459
2003,324,17,55,-43.77,607.2,20.13,14.84,944,-456
2003,324,17,56,-43.26,606.5,20.45,15.04,972,-456
2003,324,17,57,-43.0,602.8,21.28,15.46,852,-459
2003,324,17,58,-42.78,594.4,18.99,13.42,957,-459
2003,324,17,59,-43.06,607.4,18.83,13.89,966,-461
2003,324,18,0,-43.39,607.7,17.79,13.14,914,-465
2003,324,18,1,-43.06,607.6,17.85,13.18,802,-466
2003,324,18,2,-43.27,609.1,17.85,13.24,815,-467
2003,324,18,3,-43.4,606.0,18.0,13.22,935,-469
2003,324,18,4,-42.94,604.4,17.95,13.11,962,-471
2003,324,18,5,-42.35,601.3,15.59,11.27,947,-469
2003,324,18,6,-41.22,603.6,12.45,9.07,962,-473
2003,324,18,7,-41.93,597.6,12.31,8.79,996,-475
2003,324,18,8,-42.47,589.6,12.81,8.91,1008,-479
2003,324,18,9,-42.1,586.2,14.75,10.14,994,-481
2003,324,18,10,-41.75,575.6,14.28,9.46,950,-482
2003,324,18,11,-42.28,578.7,13.71,9.18,878,-485
2003,324,18,12,-42.11,578.8,15.87,10.63,870,-485
2003,324,18,13,-40.52,580.7,17.74,11.96,926,-483
2003,324,18,14,-40.74,575.7,12.72,8.43,941,-486
2003,324,18,15,-41.16,576.9,12.68,8.44,885,-487
2003,324,18,16,-41.77,581.9,12.5,8.47,696,-488
2003,324,18,17,-41.84,578.4,11.51,7.7,602,-490
2003,324,18,18,-42.15,578.4,11.51,7.7,624,-490
2003,324,18,19,-41.94,574.8,11.53,7.62,654,-487
2003,324,18,20,-40.98,573.7,11.88,7.82,648,-484
2003,324,18,21,-40.63,570.4,12.97,8.44,550,-480
2003,324,18,22,-40.56,570.5,16.3,10.61,512,-476
2003,324,18,23,-38.97,570.5,16.3,10.61,536,-471
2003,324,18,24,-38.55,570.6,17.05,11.1,587,-465
2003,324,18,25,-36.88,567.9,16.92,10.91,652,-461
2003,324,18,26,-37.14,566.1,19.55,12.53,721,-457
2003,324,18,27,-32.59,569.2,23.22,15.05,757,-460
2003,324,18,28,-31.66,567.0,22.6,14.53,738,-464
2003,324,18,29,-36.31,569.3,21.18,13.73,825,-469
2003,324,18,30,-36.14,576.6,21.64,14.39,897,-471
2003,324,18,31,-34.51,575.6,21.59,14.31,888,-459
2003,324,18,32,-34.56,576.0,22.59,14.99,877,-458
2003,324,18,33,-33.66,574.8,22.59,14.93,798,-451
2003,324,18,34,-33.4,576.0,21.73,14.42,841,-449
2003,324,18,35,-31.59,570.6,22.35,14.55,676,-446
2003,324,18,36,-30.58,570.1,22.49,14.62,688,-438
2003,324,18,37,-30.9,570.9,22.57,14.71,848,-435
2003,324,18,38,-31.9,571.1,22.42,14.62,935,-436
2003,324,18,39,-30.64,572.6,23.41,15.35,920,-440
2003,324,18,40,-27.53,569.8,24.24,15.74,894,-445
2003,324,18,41,-30.69,572.3,24.69,16.17,853,-446
2003,324,18,42,-32.58,582.1,23.94,16.22,821,-447
2003,324,18,43,-33.41,571.4,24.37,15.91,826,-445
2003,324,18,44,-32.13,569.2,24.46,15.85,915,-442
2003,324,18,45,-31.86,568.6,26.97,17.44,876,-436
2003,324,18,46,-29.62,576.4,23.89,15.87,875,-440
2003,324,18,47,-28.52,576.3,23.24,15.44,953,-446
2003,324,18,48,-28.41,577.3,21.71,14.47,938,-448
2003,324,18,49,-28.52,578.1,21.28,14.22,1028,-448
2003,324,18,50,-29.29,576.9,21.83,14.53,1225,-451
2003,324,18,51,-30.19,570.8,22.35,14.56,1073,-453
2003,324,18,52,-31.22,562.9,20.31,12.87,923,-450
2003,324,18,53,-29.33,,,,894,-451
2003,324,18,54,-29.34,,,,931,-452
2003,324,18,55,-29.03,,,,1002,-447
2003,324,18,56,-29.04,,,,1100,-442
2003,324,18,57,-28.79,580.0,22.45,15.1,1174,-444
2003,324,18,58,-28.81,580.0,22.45,15.1,1198,-447
2003,324,18,59,-28.97,,,,1193,-450
2003,324,19,0,-28.98,,,,1281,-454
2003,324,19,1,,,,,1362,-445
2003,324,19,2,-28.03,,,,1458,-446
2003,324,19,3,,,,,1500,-452
2003,324,19,4,-27.77,,,,1478,-457
2003,324,19,5,,,,,1415,-461
2003,324,19,6,-27.53,574.8,20.28,13.4,1313,-465
2003,324,19,7,,574.8,20.28,13.4,1146,-470
2003,324,19,8,-27.53,,,,1063,-475
2003,324,19,9,,,,,1045,-479
2003,324,19,10,-30.4,,,,1028,-480
2003,324,19,11,-31.06,,,,1045,-477
2003,324,19,12,-31.07,,,,1041,-474
2003,324,19,13,-30.12,570.3,20.53,13.35,952,-471
2003,324,19,14,-30.13,570.3,20.53,13.35,968,-468
2003,324,19,15,-31.34,,,,1010,-466
2003,324,19,16,,,,,1075,-470
2003,324,19,17,-30.99,,,,1543,-471
2003,324,19,18,,,,,1939,-471
2003,324,19,19,-29.57,,,,1677,-465
2003,324,19,20,-29.18,571.7,21.22,13.87,1423,-464
2003,324,19,21,-29.19,571.7,21.22,13.87,1728,-462
2003,324,19,22,-29.15,,,,1954,-458
2003,324,19,23,-29.16,,,,1668,-456
2003,324,19,24,-28.79,,,,1192,-455
2003,324,19,25,,,,,1044,-454
2003,324,19,26,-28.69,,,,1146,-452
2003,324,19,27,,,,,1066,-450
2003,324,19,28,-28.9,569.9,21.97,14.27,893,-450
2003,324,19,29,-28.87,572.1,22.3,14.6,822,-450
2003,324,19,30,-27.51,569.0,22.2,14.37,745,-446
2003,324,19,31,-27.67,567.7,23.23,14.97,793,-446
2003,324,19,32,-26.77,565.1,23.04,14.72,832,-446
2003,324,19,33,-25.67,566.2,22.54,14.45,921,-443
2003,324,19,34,-25.74,566.4,24.58,15.77,977,-439
2003,324,19,35,-24.17,565.7,23.21,14.86,1098,-435
2003,324,19,36,-24.91,568.1,22.66,14.63,1203,-431
2003,324,19,37,-23.86,568.8,22.59,14.62,1172,-423
2003,324,19,38,-23.25,566.0,23.36,14.97,1027,-415
2003,324,19,39,-22.37,561.7,22.93,14.47,807,-410
2003,324,19,40,-22.16,559.5,22.03,13.79,780,-406
2003,324,19,41,-22.66,558.8,21.81,13.62,688,-404
2003,324,19,42,-21.97,555.8,22.2,13.72,562,-408
2003,324,19,43,-23.32,552.7,20.82,12.72,428,-415
2003,324,19,44,-18.08,558.0,20.95,13.05,354,-418
2003,324,19,45,-18.83,556.2,23.46,14.52,332,-417
2003,324,19,46,-19.99,555.7,22.64,13.98,307,-416
2003,324,19,47,-21.76,554.1,20.99,12.89,320,-422
2003,324,19,48,-21.88,552.5,21.9,13.37,373,-426
2003,324,19,49,-18.83,553.8,23.09,14.16,370,-426
2003,324,19,50,-19.35,557.4,21.28,13.22,353,-429
2003,324,19,51,-21.38,551.6,20.93,12.74,344,-430
2003,324,19,52,-17.33,553.0,19.74,12.07,354,-431
2003,324,19,53,-18.52,554.1,18.88,11.59,355,-433
2003,324,19,54,-19.59,558.3,20.26,12.63,335,-430
2003,324,19,55,-19.46,555.2,18.49,11.4,377,-428
2003,324,19,56,-18.03,555.1,18.42,11.35,403,-428
2003,324,19,57,-18.43,553.2,18.99,11.62,394,-423
2003,324,19,58,-18.52,553.3,17.9,10.96,410,-418
2003,324,19,59,-19.8,553.3,18.91,11.58,469,-414
2003,324,20,0,-19.22,552.6,18.21,11.12,511,-410
2003,324,20,1,-19.14,550.1,19.38,11.73,586,-406
2003,324,20,2,-17.79,545.4,21.5,12.79,585,-405
2003,324,20,3,-18.55,544.1,21.24,12.58,663,-407
2003,324,20,4,-17.98,543.9,21.99,13.01,708,-402
2003,324,20,5,-17.87,544.8,18.06,10.72,638,-395
2003,324,20,6,-18.05,545.7,18.33,10.92,595,-395
2003,324,20,7,-18.02,546.1,18.97,11.31,594,-395
2003,324,20,8,-17.49,546.3,20.09,11.99,552,-396
2003,324,20,9,-17.58,543.6,21.46,12.68,564,-395
2003,324,20,10,-16.53,545.2,19.36,11.51,537,-394
2003,324,20,11,-16.16,548.4,18.37,11.05,528,-394
2003,324,20,12,-15.95,546.5,18.86,11.27,501,-393
2003,324,20,13,-16.09,546.1,18.66,11.13,499,-393
2003,324,20,14,-15.02,547.5,18.56,11.13,538,-395
2003,324,20,15,-14.89,548.6,18.31,11.02,726,-396
2003,324,20,16,-15.53,548.2,18.19,10.93,832,-397
2003,324,20,17,-15.07,546.9,19.4,11.61,747,-399
2003,324,20,18,-14.56,544.4,20.65,12.24,659,-401
2003,324,20,19,-14.33,544.2,18.98,11.24,534,-403
2003,324,20,20,-15.1,548.0,18.68,11.22,535,-406
2003,324,20,21,-15.76,552.2,19.16,11.68,535,-407
2003,324,20,22,-15.0,553.7,18.18,11.15,511,-408
2003,324,20,23,-15.96,552.1,18.27,11.14,525,-409
2003,324,20,24,-15.17,554.6,17.36,10.68,556,-411
2003,324,20,25,-16.0,556.2,18.91,11.7,538,-413
2003,324,20,26,-16.44,558.5,18.49,11.53,535,-411
2003,324,20,27,-15.41,557.2,17.03,10.57,579,-406
2003,324,20,28,-15.91,,,,583,-405
2003,324,20,29,-17.25,556.8,14.82,9.19,587,-405
2003,324,20,30,-17.14,559.0,16.05,10.03,548,-404
2003,324,20,31,-17.1,557.4,16.06,9.98,543,-406
2003,324,20,32,-17.28,557.7,15.88,9.88,548,-405
2003,324,20,33,-16.56,558.2,15.51,9.67,530,-404
2003,324,20,34,-17.05,556.9,16.89,10.48,517,-403
2003,324,20,35,-17.23,556.8,17.5,10.85,574,-405
2003,324,20,36,-17.26,556.3,15.68,9.7,666,-410
2003,324,20,37,-17.31,556.0,14.02,8.67,952,-412
2003,324,20,38,-17.12,556.1,15.99,9.89,1096,-415
2003,324,20,39,-16.88,556.2,14.76,9.13,1056,-412
2003,324,20,40,-17.16,559.3,13.85,8.67,1013,-412
2003,324,20,41,-18.08,562.2,10.53,6.66,1079,-412
2003,324,20,42,-18.2,564.0,11.91,7.58,999,-411
2003,324,20,43,-18.56,562.5,12.56,7.95,900,-413
2003,324,20,44,-18.38,562.4,13.23,8.37,837,-413
2003,324,20,45,-18.49,557.0,13.68,8.49,730,-415
2003,324,20,46,-18.14,554.7,13.01,8.01,708,-417
2003,324,20,47,-18.99,554.0,15.01,9.21,682,-416
2003,324,20,48,-20.19,557.1,12.23,7.59,655,-417
2003,324,20,49,-19.75,554.3,15.78,9.7,604,-415
2003,324,20,50,-19.44,554.4,15.64,9.61,580,-413
2003,324,20,51,-17.49,554.2,17.92,11.01,656,-410
2003,324,20,52,-18.17,554.2,18.06,11.09,641,-409
2003,324,20,53,-19.21,553.3,15.72,9.63,664,-409
2003,324,20,54,-19.24,553.3,15.13,9.26,539,-410
2003,324,20,55,-19.56,554.9,16.45,10.13,491,-410
2003,324,20,56,-19.21,553.2,17.23,10.55,590,-410
2003,324,20,57,-18.87,551.5,14.99,9.12,694,-412
2003,324,20,58,-17.19,551.0,15.25,9.26,830,-411
2003,324,20,59,-16.99,552.0,16.59,10.11,959,-410
2003,324,21,0,-17.78,547.1,13.24,7.93,1037,-411
2003,324,21,1,-17.85,548.6,15.2,9.15,990,-410
2003,324,21,2,-17.62,549.6,14.4,8.7,913,-409
2003,324,21,3,-16.94,551.6,13.72,8.35,949,-409
2003,324,21,4,-19.42,553.1,11.33,6.93,1144,-409
2003,324,21,5,-17.58,553.0,12.01,7.35,1036,-408
2003,324,21,6,-17.96,552.2,13.35,8.14,953,-409
2003,324,21,7,-18.08,553.2,13.13,8.04,961,-410
2003,324,21,8,-18.43,553.3,13.72,8.4,904,-407
2003,324,21,9,-20.73,554.7,11.69,7.19,816,-411
2003,324,21,10,-19.92,554.0,12.55,7.7,737,-411
2003,324,21,11,-20.19,553.5,14.89,9.12,706,-406
2003,324,21,12,-19.77,554.8,12.34,7.6,678,-402
2003,324,21,13,-19.56,554.6,13.15,8.09,705,-398
2003,324,21,14,-17.89,554.3,13.87,8.52,754,-396
2003,324,21,15,-17.17,553.8,15.81,9.7,883,-392
2003,324,21,16,-16.56,550.9,15.66,9.51,942,-387
2003,324,21,17,-16.7,553.1,16.33,9.99,981,-382
2003,324,21,18,-15.56,554.7,15.57,9.58,991,-381
2003,324,21,19,-16.72,551.2,13.59,8.26,1026,-379
2003,324,21,20,-21.19,549.5,16.28,9.83,1185,-380
2003,324,21,21,-19.9,548.2,19.59,11.77,1268,-382
2003,324,21,22,-19.39,548.0,19.98,12.0,1233,-383
2003,324,21,23,-21.83,548.9,14.49,8.73,1239,-382
2003,324,21,24,-21.22,548.9,14.49,8.73,1440,-381
2003,324,21,25,-19.67,549.4,20.21,12.2,1598,-378
2003,324,21,26,-18.12,549.4,20.21,12.2,1519,-380
2003,324,21,27,-18.62,545.1,22.97,13.65,1508,-383
2003,324,21,28,-19.15,547.3,18.61,11.15,1499,-380
2003,324,21,29,-19.43,552.9,11.62,7.1,1410,-378
2003,324,21,30,-18.29,555.3,10.24,6.32,1295,-379
2003,324,21,31,-18.53,555.4,10.53,6.5,1259,-381
2003,324,21,32,-17.87,550.1,13.96,8.45,1139,-384
2003,324,21,33,-16.85,550.5,14.76,8.95,1075,-383
2003,324,21,34,-15.9,550.6,19.65,11.91,1000,-381
2003,324,21,35,-16.7,550.2,19.29,11.68,811,-379
2003,324,21,36,-15.87,550.1,18.08,10.94,671,-381
2003,324,21,37,-15.85,548.7,18.81,11.33,780,-383
2003,324,21,38,-15.05,547.9,19.16,11.5,860,-385
2003,324,21,39,-16.4,551.5,19.22,11.69,838,-378
2003,324,21,40,-16.02,551.5,19.22,11.69,838,-372
2003,324,21,41,-14.12,546.8,12.97,7.76,866,-372
2003,324,21,42,-15.09,546.8,12.97,7.76,826,-371
2003,324,21,43,-15.53,548.3,9.71,5.84,856,-377
2003,324,21,44,-17.11,548.3,9.71,5.84,971,-383
2003,324,21,45,-16.79,,,,1022,-390
2003,324,21,46,-16.76,547.5,13.38,8.02,978,-387
2003,324,21,47,-16.14,547.5,13.38,8.02,987,-386
2003,324,21,48,-16.33,548.4,13.39,8.05,980,-384
2003,324,21,49,-16.51,548.4,13.39,8.05,895,-382
2003,324,21,50,-16.22,547.2,12.92,7.74,855,-382
2003,324,21,51,-15.85,547.9,13.73,8.24,839,-382
2003,324,21,52,-15.52,547.6,14.13,8.47,932,-383
2003,324,21,53,-15.13,546.2,14.97,8.93,1046,-385
2003,324,21,54,-14.62,,,,1057,-388
2003,324,21,55,-16.12,547.8,16.7,10.02,922,-389
2003,324,21,56,-19.48,545.5,14.53,8.65,867,-389
2003,324,21,57,-20.56,543.5,12.92,7.63,824,-388
2003,324,21,58,-20.95,543.0,10.22,6.03,724,-389
2003,324,21,59,-21.02,547.1,10.57,6.33,630,-391
2003,324,22,0,-22.03,546.3,9.46,5.65,578,-394
2003,324,22,1,-22.12,546.1,9.16,5.46,614,-394
2003,324,22,2,-21.32,545.3,10.22,6.08,552,-398
2003,324,22,3,-20.66,545.3,10.22,6.08,522,-399
2003,324,22,4,,,,,495,-398
2003,324,22,5,,,,,490,-398
2003,324,22,6,-20.55,544.7,8.4,4.98,465,-396
2003,324,22,7,-20.07,542.9,9.17,5.41,460,-396
2003,324,22,8,-18.46,539.5,9.13,5.31,475,-395
2003,324,22,9,-17.84,539.4,9.04,5.26,506,-393
2003,324,22,10,-17.17,541.1,8.6,5.04,546,-389
2003,324,22,11,-16.45,541.1,8.84,5.18,529,-390
2003,324,22,12,-15.45,543.3,8.63,5.09,480,-386
2003,324,22,13,-15.86,541.3,8.47,4.96,476,-385
2003,324,22,14,-16.24,538.6,8.39,4.87,456,-384
2003,324,22,15,-12.64,541.0,9.69,5.67,431,-382
2003,324,22,16,-10.93,543.5,10.69,6.32,396,-379
2003,324,22,17,-13.74,541.4,10.53,6.17,402,-373
2003,324,22,18,-14.54,540.6,9.61,5.62,427,-367
2003,324,22,19,-13.3,542.8,10.73,6.32,462,-369
2003,324,22,20,-12.46,544.4,11.85,7.02,541,-371
2003,324,22,21,-13.84,540.7,13.81,8.07,623,-370
2003,324,22,22,-15.43,540.7,13.76,8.05,619,-372
2003,324,22,23,-14.85,540.8,8.93,5.22,598,-369
2003,324,22,24,-15.19,548.5,10.14,6.1,573,-368
2003,324,22,25,-15.34,540.9,9.2,5.38,579,-365
2003,324,22,26,-15.36,540.9,9.2,5.38,626,-361
2003,324,22,27,-14.63,539.2,9.39,5.46,639,-357
2003,324,22,28,-14.72,541.2,9.29,5.44,648,-358
2003,324,22,29,-14.15,542.7,10.33,6.08,618,-357
2003,324,22,30,-13.85,544.1,11.82,7.0,597,-353
2003,324,22,31,-13.27,538.2,11.28,6.53,631,-352
2003,324,22,32,-13.3,538.1,11.4,6.6,665,-349
2003,324,22,33,-14.55,542.0,9.73,5.72,718,-347
2003,324,22,34,-15.01,543.8,8.69,5.14,672,-348
2003,324,22,35,-14.9,542.2,9.07,5.33,643,-346
2003,324,22,36,-14.08,536.8,11.92,6.87,630,-346
2003,324,22,37,-13.6,539.5,11.87,6.91,806,-348
2003,324,22,38,-13.67,539.7,12.26,7.14,1030,-346
2003,324,22,39,-13.29,539.1,11.57,6.73,1131,-341
2003,324,22,40,-12.46,538.5,10.49,6.08,1096,-341
2003,324,22,41,-12.05,543.6,7.67,4.53,1063,-339
2003,324,22,42,-13.14,543.1,7.89,4.65,1186,-340
2003,324,22,43,-13.02,539.0,9.85,5.72,1366,-340
2003,324,22,44,-12.79,540.3,10.47,6.11,1526,-338
2003,324,22,45,-12.8,538.4,7.83,4.54,1650,-337
2003,324,22,46,-12.58,540.8,7.25,4.24,1857,-336
2003,324,22,47,-12.75,541.4,7.16,4.2,1526,-337
2003,324,22,48,-12.44,540.9,7.5,4.39,1215,-338
2003,324,22,49,-12.44,539.8,7.42,4.32,1228,-336
2003,324,22,50,-12.44,539.8,7.41,4.32,1328,-336
2003,324,22,51,-12.53,539.3,7.14,4.15,1355,-336
2003,324,22,52,-12.47,541.5,7.39,4.33,1425,-336
2003,324,22,53,-12.93,541.5,7.39,4.33,1183,-336
2003,324,22,54,-12.83,539.8,7.15,4.17,1030,-338
2003,324,22,55,-12.51,540.8,7.16,4.19,842,-340
2003,324,22,56,-12.33,541.2,7.17,4.2,906,-340
2003,324,22,57,-12.83,537.8,7.04,4.07,1020,-340
2003,324,22,58,-13.02,537.8,7.04,4.07,1017,-340
2003,324,22,59,-12.81,538.0,9.52,5.51,1049,-340
2003,324,23,0,-12.58,538.0,9.52,5.51,1019,-340
2003,324,23,1,-12.53,535.9,9.75,5.6,958,-339
2003,324,23,2,-12.62,535.9,9.75,5.6,917,-340
2003,324,23,3,-12.37,535.4,8.91,5.11,918,-339
2003,324,23,4,-12.32,535.4,8.91,5.11,864,-338
2003,324,23,5,-12.33,532.2,9.96,5.64,800,-338
2003,324,23,6,-12.27,532.2,9.96,5.64,785,-336
2003,324,23,7,-12.27,531.5,9.05,5.11,763,-335
2003,324,23,8,-12.09,531.5,9.05,5.11,753,-335
2003,324,23,9,-11.87,,,,746,-334
2003,324,23,10,-11.54,532.3,9.48,5.37,708,-332
2003,324,23,11,-11.98,532.1,9.22,5.22,640,-332
2003,324,23,12,-11.9,531.1,7.13,4.02,654,-331
2003,324,23,13,-10.99,532.1,9.15,5.18,662,-331
2003,324,23,14,-11.49,532.0,7.94,4.49,679,-330
2003,324,23,15,-11.59,534.9,7.24,4.14,662,-329
2003,324,23,16,-12.32,538.0,7.21,4.17,653,-329
2003,324,23,17,-12.6,542.5,7.42,4.37,667,-329
2003,324,23,18,-12.25,538.2,7.35,4.26,662,-328
2003,324,23,19,-12.65,533.6,6.94,3.95,668,-328
2003,324,23,20,-13.02,540.2,7.69,4.49,669,-326
2003,324,23,21,-13.73,539.7,6.85,3.99,680,-326
2003,324,23,22,-13.93,541.0,7.53,4.41,717,-325
2003,324,23,23,-13.89,539.5,6.82,3.97,722,-325
2003,324,23,24,-12.6,542.6,7.08,4.17,742,-325
2003,324,23,25,-12.72,541.9,6.77,3.98,730,-325
2003,324,23,26,-13.76,543.6,6.94,4.1,673,-325
2003,324,23,27,-14.24,541.2,6.63,3.88,636,-325
2003,324,23,28,-14.26,539.6,6.68,3.89,617,-325
2003,324,23,29,-14.37,537.5,6.63,3.83,599,-325
2003,324,23,30,-14.43,536.9,6.71,3.87,553,-324
2003,324,23,31,-14.44,533.8,6.72,3.83,551,-322
2003,324,23,32,-14.51,535.6,6.68,3.83,538,-321
2003,324,23,33,-14.37,536.0,6.96,4.0,573,-320
2003,324,23,34,-14.57,538.2,6.76,3.92,561,-319
2003,324,23,35,-14.62,536.5,6.58,3.79,547,-319
2003,324,23,36,-14.71,537.2,6.9,3.98,566,-320
2003,324,23,37,-15.65,537.8,6.56,3.79,565,-320
2003,324,23,38,-15.85,536.7,6.9,3.98,544,-319
2003,324,23,39,-16.17,538.5,6.98,4.05,481,-319
2003,324,23,40,-16.27,537.1,6.84,3.95,470,-318
2003,324,23,41,-16.33,534.1,6.85,3.91,494,-318
2003,324,23,42,-15.81,534.5,6.67,3.81,477,-319
2003,324,23,43,-14.48,535.5,6.22,3.57,500,-318
2003,324,23,44,-13.92,535.8,6.65,3.82,564,-316
2003,324,23,45,-14.03,536.6,6.96,4.01,595,-314
2003,324,23,46,-14.84,539.8,6.44,3.75,581,-312
2003,324,23,47,-15.73,533.6,6.68,3.8,656,-310
2003,324,23,48,-16.28,536.1,6.02,3.46,711,-310
2003,324,23,49,-14.04,536.2,6.56,3.77,739,-310
2003,324,23,50,-14.17,540.0,6.56,3.83,755,-310
2003,324,23,51,-14.45,540.1,6.42,3.75,704,-311
2003,324,23,52,-14.18,540.2,6.28,3.67,579,-311
2003,324,23,53,-13.89,540.2,6.32,3.69,549,-311
2003,324,23,54,-13.81,538.1,6.64,3.85,523,-310
2003,324,23,55,-13.88,537.6,6.4,3.7,535,-309
2003,324,23,56,-13.47,537.4,6.26,3.62,583,-308
2003,324,23,57,-14.33,539.5,6.25,3.64,556,-306
2003,324,23,58,-14.58,540.7,6.73,3.94,466,-306
2003,324,23,59,-13.45,540.1,6.52,3.8,465,-306
